Entity,Code,month,year,stringency_index,standard_names
Afghanistan,AFG,1,2020,0.0,Afghanistan
Afghanistan,AFG,11,2020,7.5913333333333375,Afghanistan
Afghanistan,AFG,10,2020,16.460322580645173,Afghanistan
Afghanistan,AFG,8,2020,55.40870967741937,Afghanistan
Afghanistan,AFG,7,2020,78.69999999999999,Afghanistan
Afghanistan,AFG,9,2020,23.520000000000014,Afghanistan
Afghanistan,AFG,5,2020,84.26000000000005,Afghanistan
Afghanistan,AFG,4,2020,80.74000000000004,Afghanistan
Afghanistan,AFG,3,2020,40.83193548387094,Afghanistan
Afghanistan,AFG,2,2020,2.010689655172414,Afghanistan
Afghanistan,AFG,6,2020,80.18266666666666,Afghanistan
Albania,ALB,8,2020,58.12548387096777,Albania
Albania,ALB,12,2020,65.74,Albania
Albania,ALB,11,2020,60.30966666666667,Albania
Albania,ALB,10,2020,54.630000000000045,Albania
Albania,ALB,9,2020,54.63000000000004,Albania
Albania,ALB,7,2020,63.85677419354841,Albania
Albania,ALB,3,2020,58.57096774193548,Albania
Albania,ALB,5,2020,87.42161290322579,Albania
Albania,ALB,4,2020,86.66499999999998,Albania
Albania,ALB,2,2020,3.5451724137931033,Albania
Albania,ALB,1,2020,0.0,Albania
Albania,ALB,6,2020,70.46599999999998,Albania
Algeria,DZA,8,2020,79.98903225806457,Algeria
Algeria,DZA,12,2020,72.22000000000001,Algeria
Algeria,DZA,11,2020,71.69733333333333,Algeria
Algeria,DZA,10,2020,75.63000000000002,Algeria
Algeria,DZA,7,2020,72.54838709677418,Algeria
Algeria,DZA,9,2020,75.93000000000002,Algeria
Algeria,DZA,5,2020,77.56677419354835,Algeria
Algeria,DZA,4,2020,86.15533333333333,Algeria
Algeria,DZA,6,2020,70.55433333333333,Algeria
Algeria,DZA,3,2020,37.48612903225806,Algeria
Algeria,DZA,2,2020,0.0,Algeria
Algeria,DZA,1,2020,0.0,Algeria
Andorra,AND,11,2020,62.22000000000001,Andorra
Andorra,AND,10,2020,57.4051612903226,Andorra
Andorra,AND,9,2020,48.146666666666675,Andorra
Andorra,AND,8,2020,45.36999999999997,Andorra
Andorra,AND,7,2020,42.50225806451611,Andorra
Andorra,AND,12,2020,59.26,Andorra
Andorra,AND,5,2020,50.89677419354838,Andorra
Andorra,AND,4,2020,53.17966666666666,Andorra
Andorra,AND,3,2020,21.624838709677416,Andorra
Andorra,AND,2,2020,0.0,Andorra
Andorra,AND,1,2020,0.0,Andorra
Andorra,AND,6,2020,42.837,Andorra
Angola,AGO,12,2020,57.41,Angola
Angola,AGO,11,2020,59.21700000000003,Angola
Angola,AGO,10,2020,69.8048387096774,Angola
Angola,AGO,9,2020,78.01,Angola
Angola,AGO,8,2020,78.18354838709679,Angola
Angola,AGO,7,2020,76.45064516129035,Angola
Angola,AGO,6,2020,76.36166666666668,Angola
Angola,AGO,4,2020,87.5293333333333,Angola
Angola,AGO,3,2020,24.400000000000002,Angola
Angola,AGO,2,2020,4.601379310344829,Angola
Angola,AGO,1,2020,0.0,Angola
Angola,AGO,5,2020,78.52483870967747,Angola
Argentina,ARG,8,2020,88.25935483870971,Argentina
Argentina,ARG,12,2020,79.16999999999999,Argentina
Argentina,ARG,11,2020,79.63166666666669,Argentina
Argentina,ARG,10,2020,83.95870967741934,Argentina
Argentina,ARG,7,2020,91.51548387096767,Argentina
Argentina,ARG,9,2020,87.96000000000002,Argentina
Argentina,ARG,5,2020,90.26258064516122,Argentina
Argentina,ARG,1,2020,3.2254838709677416,Argentina
Argentina,ARG,2,2020,11.110000000000008,Argentina
Argentina,ARG,6,2020,89.13666666666667,Argentina
Argentina,ARG,4,2020,98.45699999999998,Argentina
Argentina,ARG,3,2020,51.70258064516129,Argentina
Aruba,ABW,11,2020,35.464000000000006,Aruba
Aruba,ABW,12,2020,28.699999999999992,Aruba
Aruba,ABW,10,2020,49.83774193548387,Aruba
Aruba,ABW,9,2020,60.15533333333337,Aruba
Aruba,ABW,7,2020,44.95225806451612,Aruba
Aruba,ABW,8,2020,61.85548387096777,Aruba
Aruba,ABW,5,2020,74.49290322580647,Aruba
Aruba,ABW,4,2020,85.56000000000003,Aruba
Aruba,ABW,3,2020,24.013225806451615,Aruba
Aruba,ABW,2,2020,0.0,Aruba
Aruba,ABW,1,2020,0.0,Aruba
Aruba,ABW,6,2020,50.15333333333334,Aruba
Australia,AUS,8,2020,78.21322580645163,Australia
Australia,AUS,11,2020,49.98199999999999,Australia
Australia,AUS,10,2020,64.23548387096771,Australia
Australia,AUS,9,2020,74.72000000000001,Australia
Australia,AUS,7,2020,69.81935483870967,Australia
Australia,AUS,1,2020,2.508709677419355,Australia
Australia,AUS,5,2020,67.35225806451615,Australia
Australia,AUS,4,2020,71.48066666666668,Australia
Australia,AUS,3,2020,38.20032258064516,Australia
Australia,AUS,2,2020,19.440000000000005,Australia
Australia,AUS,6,2020,55.01433333333333,Australia
Austria,AUT,7,2020,38.68258064516132,Austria
Austria,AUT,10,2020,51.16548387096773,Austria
Austria,AUT,9,2020,36.63733333333332,Austria
Austria,AUT,8,2020,35.190000000000026,Austria
Austria,AUT,11,2020,78.11833333333334,Austria
Austria,AUT,6,2020,47.74466666666669,Austria
Austria,AUT,4,2020,78.642,Austria
Austria,AUT,3,2020,52.926129032258075,Austria
Austria,AUT,2,2020,2.298620689655172,Austria
Austria,AUT,1,2020,0.0,Austria
Austria,AUT,5,2020,60.60193548387096,Austria
Azerbaijan,AZE,12,2020,72.133,Azerbaijan
Azerbaijan,AZE,11,2020,66.01800000000001,Azerbaijan
Azerbaijan,AZE,10,2020,66.76935483870967,Azerbaijan
Azerbaijan,AZE,9,2020,77.19233333333331,Azerbaijan
Azerbaijan,AZE,8,2020,87.60838709677422,Azerbaijan
Azerbaijan,AZE,7,2020,95.94129032258066,Azerbaijan
Azerbaijan,AZE,5,2020,82.55838709677425,Azerbaijan
Azerbaijan,AZE,4,2020,89.78533333333338,Azerbaijan
Azerbaijan,AZE,3,2020,49.76225806451613,Azerbaijan
Azerbaijan,AZE,2,2020,4.120689655172415,Azerbaijan
Azerbaijan,AZE,1,2020,0.17935483870967742,Azerbaijan
Azerbaijan,AZE,6,2020,85.74333333333334,Azerbaijan
Bahrain,BHR,8,2020,66.7545161290323,Bahrain
Bahrain,BHR,12,2020,58.330000000000005,Bahrain
Bahrain,BHR,11,2020,58.32999999999998,Bahrain
Bahrain,BHR,10,2020,63.53129032258067,Bahrain
Bahrain,BHR,9,2020,61.79300000000005,Bahrain
Bahrain,BHR,7,2020,70.5161290322581,Bahrain
Bahrain,BHR,1,2020,3.1354838709677417,Bahrain
Bahrain,BHR,5,2020,75.0,Bahrain
Bahrain,BHR,4,2020,75.98666666666666,Bahrain
Bahrain,BHR,3,2020,49.195483870967756,Bahrain
Bahrain,BHR,2,2020,17.52896551724138,Bahrain
Bahrain,BHR,6,2020,75.0,Bahrain
Bangladesh,BGD,8,2020,80.09,Bangladesh
Bangladesh,BGD,12,2020,80.09000000000002,Bangladesh
Bangladesh,BGD,11,2020,80.08999999999999,Bangladesh
Bangladesh,BGD,10,2020,80.09,Bangladesh
Bangladesh,BGD,9,2020,80.08999999999999,Bangladesh
Bangladesh,BGD,7,2020,77.40451612903225,Bangladesh
Bangladesh,BGD,5,2020,90.61935483870965,Bangladesh
Bangladesh,BGD,6,2020,68.75,Bangladesh
Bangladesh,BGD,4,2020,91.48333333333332,Bangladesh
Bangladesh,BGD,3,2020,44.41516129032258,Bangladesh
Bangladesh,BGD,2,2020,13.889999999999992,Bangladesh
Bangladesh,BGD,1,2020,3.583870967741935,Bangladesh
Barbados,BRB,11,2020,40.74,Barbados
Barbados,BRB,10,2020,32.14,Barbados
Barbados,BRB,9,2020,37.65666666666667,Barbados
Barbados,BRB,8,2020,44.68483870967744,Barbados
Barbados,BRB,7,2020,53.28677419354837,Barbados
Barbados,BRB,12,2020,40.74,Barbados
Barbados,BRB,5,2020,82.19709677419355,Barbados
Barbados,BRB,4,2020,86.914,Barbados
Barbados,BRB,3,2020,34.79870967741935,Barbados
Barbados,BRB,2,2020,12.547931034482753,Barbados
Barbados,BRB,1,2020,3.583870967741935,Barbados
Barbados,BRB,6,2020,71.4206666666667,Barbados
Belarus,BLR,11,2020,22.220000000000017,Belarus
Belarus,BLR,10,2020,17.207096774193563,Belarus
Belarus,BLR,9,2020,16.670000000000012,Belarus
Belarus,BLR,8,2020,16.67000000000001,Belarus
Belarus,BLR,7,2020,16.67000000000001,Belarus
Belarus,BLR,6,2020,16.670000000000012,Belarus
Belarus,BLR,4,2020,16.359666666666673,Belarus
Belarus,BLR,3,2020,4.836774193548388,Belarus
Belarus,BLR,2,2020,0.0,Belarus
Belarus,BLR,1,2020,0.0,Belarus
Belarus,BLR,5,2020,16.67000000000001,Belarus
Belarus,BLR,12,2020,22.220000000000006,Belarus
Belgium,BEL,8,2020,59.01806451612901,Belgium
Belgium,BEL,12,2020,60.190000000000026,Belgium
Belgium,BEL,11,2020,64.50633333333339,Belgium
Belgium,BEL,10,2020,49.909677419354864,Belgium
Belgium,BEL,9,2020,52.59466666666665,Belgium
Belgium,BEL,7,2020,51.343870967741935,Belgium
Belgium,BEL,5,2020,76.55225806451612,Belgium
Belgium,BEL,4,2020,81.48,Belgium
Belgium,BEL,3,2020,49.223225806451616,Belgium
Belgium,BEL,2,2020,11.110000000000008,Belgium
Belgium,BEL,1,2020,0.8964516129032257,Belgium
Belgium,BEL,6,2020,57.06666666666663,Belgium
Belize,BLZ,12,2020,72.22000000000001,Belize
Belize,BLZ,11,2020,67.22500000000002,Belize
Belize,BLZ,10,2020,68.27838709677424,Belize
Belize,BLZ,9,2020,72.23566666666667,Belize
Belize,BLZ,8,2020,72.06096774193553,Belize
Belize,BLZ,7,2020,69.44000000000004,Belize
Belize,BLZ,6,2020,74.07666666666672,Belize
Belize,BLZ,4,2020,75.24666666666666,Belize
Belize,BLZ,3,2020,32.34774193548387,Belize
Belize,BLZ,2,2020,2.683448275862069,Belize
Belize,BLZ,1,2020,0.0,Belize
Belize,BLZ,5,2020,81.4235483870968,Belize
Benin,BEN,8,2020,41.67000000000001,Benin
Benin,BEN,12,2020,40.74,Benin
Benin,BEN,10,2020,46.14580645161291,Benin
Benin,BEN,9,2020,44.63000000000002,Benin
Benin,BEN,7,2020,41.67000000000001,Benin
Benin,BEN,11,2020,38.27066666666667,Benin
Benin,BEN,5,2020,61.91806451612907,Benin
Benin,BEN,4,2020,70.82999999999997,Benin
Benin,BEN,3,2020,24.01612903225806,Benin
Benin,BEN,2,2020,4.311034482758621,Benin
Benin,BEN,1,2020,0.0,Benin
Benin,BEN,6,2020,42.19466666666666,Benin
Bermuda,BMU,12,2020,48.08357142857143,Bermuda
Bermuda,BMU,8,2020,44.44000000000003,Bermuda
Bermuda,BMU,11,2020,37.960000000000015,Bermuda
Bermuda,BMU,10,2020,35.187096774193556,Bermuda
Bermuda,BMU,9,2020,37.53333333333335,Bermuda
Bermuda,BMU,7,2020,48.98161290322584,Bermuda
Bermuda,BMU,1,2020,3.583870967741935,Bermuda
Bermuda,BMU,5,2020,73.11645161290322,Bermuda
Bermuda,BMU,4,2020,91.85500000000002,Bermuda
Bermuda,BMU,3,2020,31.628387096774194,Bermuda
Bermuda,BMU,2,2020,17.71655172413793,Bermuda
Bermuda,BMU,6,2020,65.43333333333332,Bermuda
Bhutan,BTN,12,2020,64.81,Bhutan
Bhutan,BTN,11,2020,69.569,Bhutan
Bhutan,BTN,10,2020,77.78000000000002,Bhutan
Bhutan,BTN,9,2020,86.20400000000001,Bhutan
Bhutan,BTN,8,2020,86.16838709677415,Bhutan
Bhutan,BTN,7,2020,66.45741935483872,Bhutan
Bhutan,BTN,6,2020,83.32999999999997,Bhutan
Bhutan,BTN,5,2020,83.32999999999997,Bhutan
Bhutan,BTN,4,2020,83.32999999999997,Bhutan
Bhutan,BTN,3,2020,38.37967741935485,Bhutan
Bhutan,BTN,2,2020,13.889999999999992,Bhutan
Bhutan,BTN,1,2020,6.1822580645161285,Bhutan
Bolivia,BOL,12,2020,25.930000000000003,Bolivia
Bolivia,BOL,10,2020,84.26000000000005,Bolivia
Bolivia,BOL,9,2020,84.26000000000003,Bolivia
Bolivia,BOL,8,2020,84.26000000000005,Bolivia
Bolivia,BOL,7,2020,84.26000000000005,Bolivia
Bolivia,BOL,11,2020,84.26000000000003,Bolivia
Bolivia,BOL,5,2020,84.26000000000005,Bolivia
Bolivia,BOL,4,2020,84.26000000000003,Bolivia
Bolivia,BOL,3,2020,76.55419354838712,Bolivia
Bolivia,BOL,2,2020,62.03999999999998,Bolivia
Bolivia,BOL,1,2020,62.03999999999998,Bolivia
Bolivia,BOL,6,2020,84.26000000000003,Bolivia
Bosnia and Herzegovina,BIH,12,2020,48.149999999999984,Bosnia and Herzegovina
Bosnia and Herzegovina,BIH,11,2020,46.91500000000001,Bosnia and Herzegovina
Bosnia and Herzegovina,BIH,9,2020,41.852000000000004,Bosnia and Herzegovina
Bosnia and Herzegovina,BIH,8,2020,57.048387096774206,Bosnia and Herzegovina
Bosnia and Herzegovina,BIH,7,2020,56.6,Bosnia and Herzegovina
Bosnia and Herzegovina,BIH,10,2020,40.74,Bosnia and Herzegovina
Bosnia and Herzegovina,BIH,5,2020,79.36096774193545,Bosnia and Herzegovina
Bosnia and Herzegovina,BIH,4,2020,91.32433333333326,Bosnia and Herzegovina
Bosnia and Herzegovina,BIH,3,2020,54.20967741935482,Bosnia and Herzegovina
Bosnia and Herzegovina,BIH,2,2020,11.110000000000008,Bosnia and Herzegovina
Bosnia and Herzegovina,BIH,1,2020,0.3583870967741935,Bosnia and Herzegovina
Bosnia and Herzegovina,BIH,6,2020,52.961999999999975,Bosnia and Herzegovina
Botswana,BWA,12,2020,51.92615384615384,Botswana
Botswana,BWA,11,2020,52.90333333333335,Botswana
Botswana,BWA,10,2020,62.814838709677446,Botswana
Botswana,BWA,9,2020,57.037000000000006,Botswana
Botswana,BWA,8,2020,53.26967741935485,Botswana
Botswana,BWA,7,2020,57.111290322580665,Botswana
Botswana,BWA,4,2020,85.27666666666666,Botswana
Botswana,BWA,5,2020,74.10290322580647,Botswana
Botswana,BWA,3,2020,36.11032258064516,Botswana
Botswana,BWA,2,2020,13.889999999999992,Botswana
Botswana,BWA,1,2020,7.3509677419354835,Botswana
Botswana,BWA,6,2020,59.57033333333336,Botswana
Brazil,BRA,9,2020,69.1686666666667,Brazil
Brazil,BRA,10,2020,62.65129032258061,Brazil
Brazil,BRA,8,2020,72.00096774193551,Brazil
Brazil,BRA,12,2020,59.025000000000006,Brazil
Brazil,BRA,11,2020,55.372333333333344,Brazil
Brazil,BRA,7,2020,79.97451612903225,Brazil
Brazil,BRA,4,2020,75.00166666666664,Brazil
Brazil,BRA,5,2020,80.54129032258064,Brazil
Brazil,BRA,1,2020,0.5380645161290323,Brazil
Brazil,BRA,2,2020,5.560000000000001,Brazil
Brazil,BRA,6,2020,77.30999999999996,Brazil
Brazil,BRA,3,2020,43.99645161290322,Brazil
Brunei,BRN,12,2020,35.19,Brunei Darussalam
Brunei,BRN,11,2020,35.190000000000026,Brunei Darussalam
Brunei,BRN,10,2020,35.190000000000026,Brunei Darussalam
Brunei,BRN,8,2020,39.902580645161294,Brunei Darussalam
Brunei,BRN,7,2020,47.57645161290322,Brunei Darussalam
Brunei,BRN,9,2020,36.48266666666669,Brunei Darussalam
Brunei,BRN,5,2020,55.286451612903214,Brunei Darussalam
Brunei,BRN,4,2020,56.47999999999998,Brunei Darussalam
Brunei,BRN,3,2020,39.60516129032257,Brunei Darussalam
Brunei,BRN,2,2020,19.440000000000005,Brunei Darussalam
Brunei,BRN,1,2020,9.855483870967747,Brunei Darussalam
Brunei,BRN,6,2020,49.193666666666665,Brunei Darussalam
Bulgaria,BGR,8,2020,39.15903225806453,Bulgaria
Bulgaria,BGR,12,2020,57.409999999999975,Bulgaria
Bulgaria,BGR,11,2020,49.38466666666668,Bulgaria
Bulgaria,BGR,10,2020,37.2493548387097,Bulgaria
Bulgaria,BGR,9,2020,36.91666666666669,Bulgaria
Bulgaria,BGR,7,2020,37.63322580645162,Bulgaria
Bulgaria,BGR,2,2020,7.374827586206894,Bulgaria
Bulgaria,BGR,5,2020,61.23096774193551,Bulgaria
Bulgaria,BGR,4,2020,72.28666666666669,Bulgaria
Bulgaria,BGR,3,2020,48.80709677419357,Bulgaria
Bulgaria,BGR,1,2020,0.0,Bulgaria
Bulgaria,BGR,6,2020,39.442999999999984,Bulgaria
Burkina Faso,BFA,8,2020,50.299677419354865,Burkina Faso
Burkina Faso,BFA,12,2020,13.889999999999999,Burkina Faso
Burkina Faso,BFA,11,2020,22.220000000000017,Burkina Faso
Burkina Faso,BFA,10,2020,29.090645161290336,Burkina Faso
Burkina Faso,BFA,7,2020,45.72838709677417,Burkina Faso
Burkina Faso,BFA,9,2020,39.72199999999999,Burkina Faso
Burkina Faso,BFA,5,2020,65.62322580645166,Burkina Faso
Burkina Faso,BFA,1,2020,0.0,Burkina Faso
Burkina Faso,BFA,2,2020,0.0,Burkina Faso
Burkina Faso,BFA,6,2020,45.369999999999976,Burkina Faso
Burkina Faso,BFA,4,2020,84.26000000000003,Burkina Faso
Burkina Faso,BFA,3,2020,35.991290322580646,Burkina Faso
Burundi,BDI,12,2020,14.81,Burundi
Burundi,BDI,11,2020,14.81,Burundi
Burundi,BDI,9,2020,14.07,Burundi
Burundi,BDI,8,2020,11.110000000000008,Burundi
Burundi,BDI,7,2020,13.889999999999992,Burundi
Burundi,BDI,10,2020,14.81,Burundi
Burundi,BDI,5,2020,13.889999999999992,Burundi
Burundi,BDI,4,2020,13.889999999999992,Burundi
Burundi,BDI,3,2020,11.290645161290321,Burundi
Burundi,BDI,2,2020,5.560000000000001,Burundi
Burundi,BDI,1,2020,0.0,Burundi
Burundi,BDI,6,2020,13.889999999999992,Burundi
Cambodia,KHM,11,2020,40.05966666666667,Cambodia
Cambodia,KHM,10,2020,35.60516129032258,Cambodia
Cambodia,KHM,9,2020,38.51999999999998,Cambodia
Cambodia,KHM,8,2020,45.517096774193575,Cambodia
Cambodia,KHM,7,2020,39.30774193548388,Cambodia
Cambodia,KHM,4,2020,60.46533333333336,Cambodia
Cambodia,KHM,5,2020,57.410000000000025,Cambodia
Cambodia,KHM,3,2020,31.900645161290313,Cambodia
Cambodia,KHM,2,2020,0.0,Cambodia
Cambodia,KHM,1,2020,0.0,Cambodia
Cambodia,KHM,12,2020,58.330000000000005,Cambodia
Cambodia,KHM,6,2020,40.74,Cambodia
Cameroon,CMR,10,2020,44.95193548387094,Cameroon
Cameroon,CMR,3,2020,26.375483870967734,Cameroon
Cameroon,CMR,12,2020,25.925,Cameroon
Cameroon,CMR,9,2020,55.34266666666664,Cameroon
Cameroon,CMR,11,2020,42.129000000000005,Cameroon
Cameroon,CMR,8,2020,59.74161290322585,Cameroon
Cameroon,CMR,1,2020,0.0,Cameroon
Cameroon,CMR,6,2020,60.19000000000004,Cameroon
Cameroon,CMR,5,2020,63.89000000000004,Cameroon
Cameroon,CMR,4,2020,68.61366666666665,Cameroon
Cameroon,CMR,2,2020,0.0,Cameroon
Cameroon,CMR,7,2020,60.19000000000004,Cameroon
Canada,CAN,12,2020,64.35000000000001,Canada
Canada,CAN,11,2020,62.25333333333329,Canada
Canada,CAN,10,2020,60.650000000000034,Canada
Canada,CAN,9,2020,61.513333333333364,Canada
Canada,CAN,8,2020,65.06741935483868,Canada
Canada,CAN,7,2020,67.60741935483877,Canada
Canada,CAN,5,2020,71.42999999999996,Canada
Canada,CAN,4,2020,72.87500000000003,Canada
Canada,CAN,3,2020,39.085161290322596,Canada
Canada,CAN,2,2020,2.7800000000000007,Canada
Canada,CAN,1,2020,0.8967741935483873,Canada
Canada,CAN,6,2020,70.275,Canada
Cape Verde,CPV,8,2020,65.27999999999999,Cabo Verde
Cape Verde,CPV,12,2020,71.3,Cabo Verde
Cape Verde,CPV,11,2020,71.29999999999998,Cabo Verde
Cape Verde,CPV,10,2020,68.92354838709676,Cabo Verde
Cape Verde,CPV,9,2020,68.79500000000002,Cabo Verde
Cape Verde,CPV,7,2020,72.62903225806451,Cabo Verde
Cape Verde,CPV,1,2020,0.0,Cabo Verde
Cape Verde,CPV,5,2020,80.22838709677424,Cabo Verde
Cape Verde,CPV,4,2020,79.63000000000007,Cabo Verde
Cape Verde,CPV,3,2020,35.51193548387096,Cabo Verde
Cape Verde,CPV,2,2020,9.291034482758622,Cabo Verde
Cape Verde,CPV,6,2020,79.17000000000003,Cabo Verde
Central African Republic,CAF,8,2020,50.93000000000001,Central African Republic
Central African Republic,CAF,12,2020,20.37,Central African Republic
Central African Republic,CAF,11,2020,23.206666666666667,Central African Republic
Central African Republic,CAF,10,2020,41.275806451612894,Central African Republic
Central African Republic,CAF,9,2020,53.89,Central African Republic
Central African Republic,CAF,7,2020,56.57000000000001,Central African Republic
Central African Republic,CAF,1,2020,0.0,Central African Republic
Central African Republic,CAF,5,2020,74.25677419354841,Central African Republic
Central African Republic,CAF,4,2020,68.52,Central African Republic
Central African Republic,CAF,3,2020,17.562580645161287,Central African Republic
Central African Republic,CAF,2,2020,0.0,Central African Republic
Central African Republic,CAF,6,2020,68.51666666666664,Central African Republic
Chad,TCD,12,2020,70.37,Chad
Chad,TCD,11,2020,70.36999999999995,Chad
Chad,TCD,10,2020,73.50548387096772,Chad
Chad,TCD,9,2020,70.39833333333328,Chad
Chad,TCD,8,2020,64.80999999999996,Chad
Chad,TCD,7,2020,67.94870967741932,Chad
Chad,TCD,5,2020,81.83903225806452,Chad
Chad,TCD,4,2020,66.48100000000004,Chad
Chad,TCD,3,2020,18.012580645161282,Chad
Chad,TCD,2,2020,0.0,Chad
Chad,TCD,1,2020,0.0,Chad
Chad,TCD,6,2020,72.77399999999996,Chad
Chile,CHL,7,2020,85.43806451612899,Chile
Chile,CHL,11,2020,80.46000000000002,Chile
Chile,CHL,10,2020,81.94000000000004,Chile
Chile,CHL,9,2020,81.94000000000004,Chile
Chile,CHL,8,2020,83.55419354838713,Chile
Chile,CHL,12,2020,75.0,Chile
Chile,CHL,6,2020,78.23999999999998,Chile
Chile,CHL,4,2020,73.15000000000005,Chile
Chile,CHL,3,2020,32.70645161290322,Chile
Chile,CHL,2,2020,0.0,Chile
Chile,CHL,1,2020,0.0,Chile
Chile,CHL,5,2020,76.5690322580645,Chile
China,CHN,12,2020,80.09,China
China,CHN,11,2020,69.47700000000002,China
China,CHN,10,2020,63.06580645161292,China
China,CHN,9,2020,60.092666666666695,China
China,CHN,8,2020,78.23999999999997,China
China,CHN,7,2020,78.23999999999997,China
China,CHN,6,2020,78.48666666666665,China
China,CHN,5,2020,74.681935483871,China
China,CHN,4,2020,60.21300000000004,China
China,CHN,3,2020,79.52645161290326,China
China,CHN,2,2020,76.99275862068967,China
China,CHN,1,2020,21.595806451612898,China
Colombia,COL,11,2020,64.81500000000001,Colombia
Colombia,COL,10,2020,68.96838709677418,Colombia
Colombia,COL,9,2020,71.29999999999998,Colombia
Colombia,COL,8,2020,87.03999999999998,Colombia
Colombia,COL,7,2020,87.03999999999998,Colombia
Colombia,COL,12,2020,60.19000000000002,Colombia
Colombia,COL,5,2020,87.63677419354836,Colombia
Colombia,COL,4,2020,87.00533333333331,Colombia
Colombia,COL,3,2020,43.608387096774194,Colombia
Colombia,COL,2,2020,9.097586206896553,Colombia
Colombia,COL,1,2020,2.955806451612903,Colombia
Colombia,COL,6,2020,87.03999999999998,Colombia
Congo,COG,11,2020,45.58466666666668,Congo Republic
Congo,COG,10,2020,52.23967741935485,Congo Republic
Congo,COG,9,2020,61.48399999999999,Congo Republic
Congo,COG,8,2020,65.6206451612903,Congo Republic
Congo,COG,7,2020,69.20774193548387,Congo Republic
Congo,COG,12,2020,43.51999999999999,Congo Republic
Congo,COG,5,2020,90.53161290322578,Congo Republic
Congo,COG,4,2020,97.21999999999996,Congo Republic
Congo,COG,3,2020,19.178064516129034,Congo Republic
Congo,COG,2,2020,0.0,Congo Republic
Congo,COG,1,2020,0.0,Congo Republic
Congo,COG,6,2020,73.4586666666667,Congo Republic
Costa Rica,CRI,12,2020,55.559999999999995,Costa Rica
Costa Rica,CRI,11,2020,55.55999999999997,Costa Rica
Costa Rica,CRI,10,2020,59.10677419354836,Costa Rica
Costa Rica,CRI,9,2020,62.15833333333335,Costa Rica
Costa Rica,CRI,8,2020,68.81548387096775,Costa Rica
Costa Rica,CRI,7,2020,73.60999999999997,Costa Rica
Costa Rica,CRI,6,2020,72.45166666666667,Costa Rica
Costa Rica,CRI,4,2020,76.76133333333335,Costa Rica
Costa Rica,CRI,3,2020,44.53516129032257,Costa Rica
Costa Rica,CRI,2,2020,10.343793103448283,Costa Rica
Costa Rica,CRI,1,2020,0.0,Costa Rica
Costa Rica,CRI,5,2020,72.22,Costa Rica
Cote d'Ivoire,CIV,8,2020,34.242903225806444,Cote d'Ivoire
Cote d'Ivoire,CIV,11,2020,25.0,Cote d'Ivoire
Cote d'Ivoire,CIV,10,2020,34.31903225806451,Cote d'Ivoire
Cote d'Ivoire,CIV,9,2020,37.79266666666667,Cote d'Ivoire
Cote d'Ivoire,CIV,7,2020,59.03806451612906,Cote d'Ivoire
Cote d'Ivoire,CIV,12,2020,25.0,Cote d'Ivoire
Cote d'Ivoire,CIV,5,2020,69.68258064516127,Cote d'Ivoire
Cote d'Ivoire,CIV,1,2020,0.0,Cote d'Ivoire
Cote d'Ivoire,CIV,2,2020,0.0,Cote d'Ivoire
Cote d'Ivoire,CIV,6,2020,64.24000000000002,Cote d'Ivoire
Cote d'Ivoire,CIV,4,2020,80.55999999999996,Cote d'Ivoire
Cote d'Ivoire,CIV,3,2020,34.739032258064505,Cote d'Ivoire
Croatia,HRV,11,2020,35.617,Croatia
Croatia,HRV,10,2020,29.238064516129043,Croatia
Croatia,HRV,9,2020,29.998000000000015,Croatia
Croatia,HRV,8,2020,35.190000000000026,Croatia
Croatia,HRV,7,2020,45.04354838709679,Croatia
Croatia,HRV,12,2020,42.64764705882352,Croatia
Croatia,HRV,5,2020,72.78838709677413,Croatia
Croatia,HRV,4,2020,95.43466666666667,Croatia
Croatia,HRV,3,2020,50.44935483870967,Croatia
Croatia,HRV,2,2020,13.60241379310344,Croatia
Croatia,HRV,1,2020,1.0758064516129031,Croatia
Croatia,HRV,6,2020,53.273333333333376,Croatia
Cuba,CUB,12,2020,56.48000000000001,Cuba
Cuba,CUB,11,2020,59.53733333333333,Cuba
Cuba,CUB,10,2020,68.12741935483868,Cuba
Cuba,CUB,9,2020,85.61666666666669,Cuba
Cuba,CUB,8,2020,77.87,Cuba
Cuba,CUB,7,2020,67.92419354838712,Cuba
Cuba,CUB,6,2020,93.98100000000002,Cuba
Cuba,CUB,4,2020,76.23399999999997,Cuba
Cuba,CUB,3,2020,30.01999999999999,Cuba
Cuba,CUB,1,2020,1.433548387096774,Cuba
Cuba,CUB,5,2020,94.98258064516129,Cuba
Cuba,CUB,2,2020,11.972758620689655,Cuba
Cyprus,CYP,12,2020,68.91142857142859,Cyprus
Cyprus,CYP,7,2020,48.206451612903244,Cyprus
Cyprus,CYP,11,2020,70.61466666666666,Cyprus
Cyprus,CYP,10,2020,54.92774193548389,Cyprus
Cyprus,CYP,9,2020,53.20866666666669,Cyprus
Cyprus,CYP,8,2020,48.1167741935484,Cyprus
Cyprus,CYP,6,2020,63.45500000000002,Cyprus
Cyprus,CYP,4,2020,93.51500000000003,Cyprus
Cyprus,CYP,3,2020,45.51806451612903,Cyprus
Cyprus,CYP,2,2020,0.0,Cyprus
Cyprus,CYP,1,2020,0.0,Cyprus
Cyprus,CYP,5,2020,87.18387096774188,Cyprus
Czechia,CZE,11,2020,71.54233333333336,Czech Republic
Czechia,CZE,10,2020,54.302258064516124,Czech Republic
Czechia,CZE,9,2020,38.241333333333344,Czech Republic
Czechia,CZE,8,2020,36.11,Czech Republic
Czechia,CZE,7,2020,36.020322580645164,Czech Republic
Czechia,CZE,12,2020,62.91058823529411,Czech Republic
Czechia,CZE,5,2020,54.69129032258063,Czech Republic
Czechia,CZE,4,2020,68.45733333333332,Czech Republic
Czechia,CZE,3,2020,57.52645161290325,Czech Republic
Czechia,CZE,2,2020,16.861034482758633,Czech Republic
Czechia,CZE,1,2020,2.688709677419355,Czech Republic
Czechia,CZE,6,2020,39.58700000000001,Czech Republic
Democratic Republic of Congo,COD,12,2020,22.22,DR Congo
Democratic Republic of Congo,COD,11,2020,22.220000000000017,DR Congo
Democratic Republic of Congo,COD,10,2020,42.98064516129031,DR Congo
Democratic Republic of Congo,COD,9,2020,45.65133333333332,DR Congo
Democratic Republic of Congo,COD,8,2020,48.74612903225806,DR Congo
Democratic Republic of Congo,COD,7,2020,72.4954838709677,DR Congo
Democratic Republic of Congo,COD,6,2020,80.55999999999996,DR Congo
Democratic Republic of Congo,COD,4,2020,80.09666666666662,DR Congo
Democratic Republic of Congo,COD,3,2020,33.78258064516128,DR Congo
Democratic Republic of Congo,COD,2,2020,0.9586206896551726,DR Congo
Democratic Republic of Congo,COD,1,2020,0.0,DR Congo
Democratic Republic of Congo,COD,5,2020,80.55999999999996,DR Congo
Denmark,DNK,7,2020,55.25774193548391,Denmark
Denmark,DNK,11,2020,46.264333333333305,Denmark
Denmark,DNK,10,2020,43.251612903225784,Denmark
Denmark,DNK,8,2020,50.93000000000001,Denmark
Denmark,DNK,6,2020,57.41000000000002,Denmark
Denmark,DNK,9,2020,49.85000000000003,Denmark
Denmark,DNK,4,2020,70.24666666666667,Denmark
Denmark,DNK,3,2020,52.62741935483872,Denmark
Denmark,DNK,5,2020,63.94967741935486,Denmark
Denmark,DNK,2,2020,1.149310344827586,Denmark
Denmark,DNK,1,2020,0.0,Denmark
Djibouti,DJI,12,2020,37.959999999999994,Djibouti
Djibouti,DJI,11,2020,41.852,Djibouti
Djibouti,DJI,10,2020,45.78774193548387,Djibouti
Djibouti,DJI,9,2020,50.806333333333335,Djibouti
Djibouti,DJI,8,2020,50.93000000000001,Djibouti
Djibouti,DJI,7,2020,55.2293548387097,Djibouti
Djibouti,DJI,5,2020,77.41741935483876,Djibouti
Djibouti,DJI,4,2020,94.44000000000004,Djibouti
Djibouti,DJI,3,2020,32.85387096774194,Djibouti
Djibouti,DJI,2,2020,0.0,Djibouti
Djibouti,DJI,1,2020,0.0,Djibouti
Djibouti,DJI,6,2020,59.26,Djibouti
Dominica,DMA,8,2020,37.722258064516126,Dominica
Dominica,DMA,12,2020,23.150000000000002,Dominica
Dominica,DMA,11,2020,33.150333333333315,Dominica
Dominica,DMA,10,2020,30.40387096774194,Dominica
Dominica,DMA,9,2020,30.182000000000016,Dominica
Dominica,DMA,7,2020,44.44000000000003,Dominica
Dominica,DMA,1,2020,0.0,Dominica
Dominica,DMA,5,2020,74.25258064516129,Dominica
Dominica,DMA,4,2020,79.63000000000007,Dominica
Dominica,DMA,3,2020,8.423548387096774,Dominica
Dominica,DMA,2,2020,0.0,Dominica
Dominica,DMA,6,2020,68.51600000000002,Dominica
Dominican Republic,DOM,8,2020,78.69999999999999,Dominican Republic
Dominican Republic,DOM,12,2020,64.80999999999997,Dominican Republic
Dominican Republic,DOM,11,2020,65.64399999999996,Dominican Republic
Dominican Republic,DOM,10,2020,69.74032258064514,Dominican Republic
Dominican Republic,DOM,9,2020,78.7,Dominican Republic
Dominican Republic,DOM,7,2020,76.43225806451612,Dominican Republic
Dominican Republic,DOM,6,2020,86.66899999999997,Dominican Republic
Dominican Republic,DOM,5,2020,94.74451612903223,Dominican Republic
Dominican Republic,DOM,4,2020,94.56766666666668,Dominican Republic
Dominican Republic,DOM,3,2020,46.324516129032254,Dominican Republic
Dominican Republic,DOM,2,2020,0.0,Dominican Republic
Dominican Republic,DOM,1,2020,0.0,Dominican Republic
Ecuador,ECU,11,2020,52.77999999999998,Ecuador
Ecuador,ECU,10,2020,52.062580645161276,Ecuador
Ecuador,ECU,9,2020,61.01866666666672,Ecuador
Ecuador,ECU,8,2020,75.40354838709678,Ecuador
Ecuador,ECU,7,2020,79.31612903225806,Ecuador
Ecuador,ECU,6,2020,81.85000000000004,Ecuador
Ecuador,ECU,5,2020,86.82709677419355,Ecuador
Ecuador,ECU,4,2020,93.52,Ecuador
Ecuador,ECU,3,2020,54.30096774193547,Ecuador
Ecuador,ECU,2,2020,5.560000000000001,Ecuador
Ecuador,ECU,1,2020,1.0761290322580646,Ecuador
Egypt,EGY,12,2020,60.19000000000002,Egypt
Egypt,EGY,11,2020,60.71466666666671,Egypt
Egypt,EGY,10,2020,69.71387096774195,Egypt
Egypt,EGY,9,2020,62.96000000000002,Egypt
Egypt,EGY,8,2020,62.781290322580666,Egypt
Egypt,EGY,7,2020,60.19000000000004,Egypt
Egypt,EGY,1,2020,0.0,Egypt
Egypt,EGY,5,2020,84.26000000000005,Egypt
Egypt,EGY,4,2020,84.26000000000003,Egypt
Egypt,EGY,3,2020,28.703870967741935,Egypt
Egypt,EGY,2,2020,0.0,Egypt
Egypt,EGY,6,2020,73.892,Egypt
El Salvador,SLV,8,2020,87.42290322580641,El Salvador
El Salvador,SLV,12,2020,47.22000000000001,El Salvador
El Salvador,SLV,11,2020,51.48266666666666,El Salvador
El Salvador,SLV,10,2020,52.77999999999998,El Salvador
El Salvador,SLV,9,2020,72.5023333333333,El Salvador
El Salvador,SLV,7,2020,89.80999999999996,El Salvador
El Salvador,SLV,1,2020,3.4941935483870967,El Salvador
El Salvador,SLV,5,2020,98.92387096774193,El Salvador
El Salvador,SLV,4,2020,90.74000000000004,El Salvador
El Salvador,SLV,3,2020,54.59806451612905,El Salvador
El Salvador,SLV,2,2020,19.440000000000005,El Salvador
El Salvador,SLV,6,2020,93.61233333333327,El Salvador
Eritrea,ERI,12,2020,75.0,Eritrea
Eritrea,ERI,11,2020,78.39633333333333,Eritrea
Eritrea,ERI,10,2020,80.6177419354839,Eritrea
Eritrea,ERI,9,2020,86.88266666666667,Eritrea
Eritrea,ERI,8,2020,89.80999999999996,Eritrea
Eritrea,ERI,7,2020,90.40838709677416,Eritrea
Eritrea,ERI,6,2020,93.52,Eritrea
Eritrea,ERI,5,2020,93.52,Eritrea
Eritrea,ERI,4,2020,93.52,Eritrea
Eritrea,ERI,3,2020,25.95516129032258,Eritrea
Eritrea,ERI,2,2020,0.0,Eritrea
Eritrea,ERI,1,2020,0.0,Eritrea
Estonia,EST,11,2020,32.43833333333335,Estonia
Estonia,EST,10,2020,25.929999999999982,Estonia
Estonia,EST,9,2020,24.72533333333332,Estonia
Estonia,EST,8,2020,23.149999999999988,Estonia
Estonia,EST,7,2020,25.57129032258063,Estonia
Estonia,EST,12,2020,38.80916666666666,Estonia
Estonia,EST,5,2020,59.468709677419355,Estonia
Estonia,EST,4,2020,77.40933333333332,Estonia
Estonia,EST,3,2020,34.22903225806452,Estonia
Estonia,EST,2,2020,0.0,Estonia
Estonia,EST,1,2020,0.0,Estonia
Estonia,EST,6,2020,39.940666666666665,Estonia
Eswatini,SWZ,11,2020,45.98933333333335,Eswatini
Eswatini,SWZ,10,2020,55.13838709677423,Eswatini
Eswatini,SWZ,9,2020,64.80999999999996,Eswatini
Eswatini,SWZ,8,2020,73.44709677419351,Eswatini
Eswatini,SWZ,7,2020,81.39548387096771,Eswatini
Eswatini,SWZ,12,2020,38.88999999999999,Eswatini
Eswatini,SWZ,5,2020,84.26000000000005,Eswatini
Eswatini,SWZ,4,2020,86.78833333333337,Eswatini
Eswatini,SWZ,3,2020,39.517419354838694,Eswatini
Eswatini,SWZ,2,2020,5.84241379310345,Eswatini
Eswatini,SWZ,1,2020,0.26903225806451614,Eswatini
Eswatini,SWZ,6,2020,84.26000000000003,Eswatini
Ethiopia,ETH,12,2020,51.850000000000016,Ethiopia
Ethiopia,ETH,11,2020,53.517999999999965,Ethiopia
Ethiopia,ETH,10,2020,64.03774193548387,Ethiopia
Ethiopia,ETH,9,2020,78.70666666666668,Ethiopia
Ethiopia,ETH,8,2020,80.55999999999996,Ethiopia
Ethiopia,ETH,7,2020,80.55999999999996,Ethiopia
Ethiopia,ETH,6,2020,80.55999999999996,Ethiopia
Ethiopia,ETH,4,2020,77.75066666666663,Ethiopia
Ethiopia,ETH,3,2020,25.77935483870968,Ethiopia
Ethiopia,ETH,2,2020,2.7800000000000007,Ethiopia
Ethiopia,ETH,1,2020,0.35870967741935483,Ethiopia
Ethiopia,ETH,5,2020,80.55999999999996,Ethiopia
Faeroe Islands,FRO,9,2020,33.33000000000001,Faeroe Islands
Faeroe Islands,FRO,12,2020,36.11000000000001,Faeroe Islands
Faeroe Islands,FRO,11,2020,34.998000000000005,Faeroe Islands
Faeroe Islands,FRO,10,2020,33.33000000000001,Faeroe Islands
Faeroe Islands,FRO,8,2020,32.9725806451613,Faeroe Islands
Faeroe Islands,FRO,7,2020,30.559999999999974,Faeroe Islands
Faeroe Islands,FRO,6,2020,32.96066666666667,Faeroe Islands
Faeroe Islands,FRO,5,2020,39.782258064516135,Faeroe Islands
Faeroe Islands,FRO,4,2020,55.37133333333329,Faeroe Islands
Faeroe Islands,FRO,3,2020,29.242258064516133,Faeroe Islands
Faeroe Islands,FRO,2,2020,0.0,Faeroe Islands
Faeroe Islands,FRO,1,2020,0.0,Faeroe Islands
Fiji,FJI,12,2020,41.67000000000001,Fiji
Fiji,FJI,11,2020,49.07,Fiji
Fiji,FJI,10,2020,49.159677419354836,Fiji
Fiji,FJI,9,2020,51.84999999999998,Fiji
Fiji,FJI,8,2020,54.00225806451613,Fiji
Fiji,FJI,7,2020,54.24032258064515,Fiji
Fiji,FJI,6,2020,73.39333333333335,Fiji
Fiji,FJI,5,2020,83.30193548387096,Fiji
Fiji,FJI,4,2020,88.89000000000001,Fiji
Fiji,FJI,3,2020,46.86193548387097,Fiji
Fiji,FJI,2,2020,18.86551724137931,Fiji
Fiji,FJI,1,2020,3.583870967741935,Fiji
Finland,FIN,11,2020,41.203333333333354,Finland
Finland,FIN,9,2020,32.409999999999975,Finland
Finland,FIN,8,2020,33.575806451612884,Finland
Finland,FIN,7,2020,36.62225806451616,Finland
Finland,FIN,6,2020,39.506666666666696,Finland
Finland,FIN,12,2020,44.91,Finland
Finland,FIN,4,2020,63.950666666666706,Finland
Finland,FIN,5,2020,55.8845161290323,Finland
Finland,FIN,1,2020,0.896774193548387,Finland
Finland,FIN,10,2020,35.900645161290335,Finland
Finland,FIN,2,2020,13.027931034482753,Finland
Finland,FIN,3,2020,45.09870967741933,Finland
France,FRA,11,2020,78.33000000000001,France
France,FRA,9,2020,48.395,France
France,FRA,8,2020,47.37419354838712,France
France,FRA,7,2020,48.090322580645136,France
France,FRA,6,2020,66.20166666666665,France
France,FRA,12,2020,75.0,France
France,FRA,4,2020,87.96000000000002,France
France,FRA,5,2020,80.07580645161288,France
France,FRA,1,2020,3.0464516129032257,France
France,FRA,10,2020,50.1658064516129,France
France,FRA,3,2020,65.73870967741938,France
France,FRA,2,2020,12.307586206896554,France
Gabon,GAB,12,2020,61.114999999999974,Gabon
Gabon,GAB,1,2020,1.7935483870967746,Gabon
Gabon,GAB,2,2020,12.166551724137925,Gabon
Gabon,GAB,3,2020,40.02451612903226,Gabon
Gabon,GAB,5,2020,79.72193548387094,Gabon
Gabon,GAB,6,2020,78.58133333333328,Gabon
Gabon,GAB,7,2020,74.06999999999998,Gabon
Gabon,GAB,8,2020,74.06999999999998,Gabon
Gabon,GAB,9,2020,74.06999999999996,Gabon
Gabon,GAB,10,2020,73.02548387096773,Gabon
Gabon,GAB,11,2020,67.50100000000003,Gabon
Gabon,GAB,4,2020,76.29633333333337,Gabon
Gambia,GMB,9,2020,73.95133333333335,Gambia
Gambia,GMB,12,2020,36.11000000000001,Gambia
Gambia,GMB,8,2020,70.08806451612901,Gambia
Gambia,GMB,11,2020,42.22099999999999,Gambia
Gambia,GMB,7,2020,58.22838709677423,Gambia
Gambia,GMB,10,2020,66.61000000000003,Gambia
Gambia,GMB,5,2020,78.2845161290323,Gambia
Gambia,GMB,4,2020,78.7,Gambia
Gambia,GMB,3,2020,34.19774193548388,Gambia
Gambia,GMB,6,2020,73.60833333333329,Gambia
Gambia,GMB,2,2020,4.983793103448277,Gambia
Gambia,GMB,1,2020,0.0,Gambia
Georgia,GEO,11,2020,64.28833333333331,Georgia
Georgia,GEO,10,2020,58.721612903225804,Georgia
Georgia,GEO,9,2020,62.62533333333337,Georgia
Georgia,GEO,8,2020,55.616451612903255,Georgia
Georgia,GEO,7,2020,54.26935483870964,Georgia
Georgia,GEO,12,2020,84.26,Georgia
Georgia,GEO,5,2020,91.3703225806452,Georgia
Georgia,GEO,4,2020,99.50666666666669,Georgia
Georgia,GEO,3,2020,61.410967741935494,Georgia
Georgia,GEO,2,2020,19.440000000000005,Georgia
Georgia,GEO,1,2020,2.1500000000000004,Georgia
Georgia,GEO,6,2020,62.49899999999998,Georgia
Germany,DEU,12,2020,67.59000000000002,Germany
Germany,DEU,11,2020,64.0253333333333,Germany
Germany,DEU,10,2020,55.21483870967744,Germany
Germany,DEU,9,2020,50.49633333333331,Germany
Germany,DEU,8,2020,57.92709677419358,Germany
Germany,DEU,7,2020,56.79387096774191,Germany
Germany,DEU,6,2020,61.3276666666667,Germany
Germany,DEU,4,2020,76.84999999999995,Germany
Germany,DEU,3,2020,48.77451612903224,Germany
Germany,DEU,2,2020,10.154482758620695,Germany
Germany,DEU,1,2020,1.4348387096774196,Germany
Germany,DEU,5,2020,63.84193548387098,Germany
Ghana,GHA,8,2020,52.77999999999998,Ghana
Ghana,GHA,11,2020,38.89,Ghana
Ghana,GHA,10,2020,44.081935483871,Ghana
Ghana,GHA,9,2020,44.44000000000003,Ghana
Ghana,GHA,12,2020,38.88999999999999,Ghana
Ghana,GHA,7,2020,52.77999999999998,Ghana
Ghana,GHA,4,2020,76.69799999999996,Ghana
Ghana,GHA,5,2020,60.963870967741926,Ghana
Ghana,GHA,3,2020,31.093870967741932,Ghana
Ghana,GHA,2,2020,2.7800000000000007,Ghana
Ghana,GHA,1,2020,0.7174193548387098,Ghana
Ghana,GHA,6,2020,55.37,Ghana
Greece,GRC,12,2020,81.79333333333334,Greece
Greece,GRC,11,2020,75.52233333333335,Greece
Greece,GRC,9,2020,57.083000000000034,Greece
Greece,GRC,8,2020,52.43677419354838,Greece
Greece,GRC,7,2020,52.93000000000002,Greece
Greece,GRC,10,2020,56.434193548387114,Greece
Greece,GRC,5,2020,70.75935483870968,Greece
Greece,GRC,4,2020,84.26000000000003,Greece
Greece,GRC,3,2020,54.65806451612903,Greece
Greece,GRC,2,2020,2.202758620689655,Greece
Greece,GRC,1,2020,0.0,Greece
Greece,GRC,6,2020,48.148666666666664,Greece
Greenland,GRL,11,2020,33.70399999999999,Greenland
Greenland,GRL,10,2020,31.48000000000001,Greenland
Greenland,GRL,9,2020,33.147999999999996,Greenland
Greenland,GRL,8,2020,31.031612903225817,Greenland
Greenland,GRL,7,2020,34.97741935483871,Greenland
Greenland,GRL,4,2020,73.48966666666665,Greenland
Greenland,GRL,5,2020,55.20096774193545,Greenland
Greenland,GRL,3,2020,40.68193548387097,Greenland
Greenland,GRL,2,2020,0.0,Greenland
Greenland,GRL,1,2020,0.0,Greenland
Greenland,GRL,12,2020,34.26,Greenland
Greenland,GRL,6,2020,45.61633333333334,Greenland
Guam,GUM,9,2020,73.14999999999999,Guam
Guam,GUM,8,2020,71.08935483870972,Guam
Guam,GUM,11,2020,62.96000000000002,Guam
Guam,GUM,10,2020,66.31096774193551,Guam
Guam,GUM,7,2020,62.457741935483895,Guam
Guam,GUM,12,2020,62.960000000000015,Guam
Guam,GUM,5,2020,70.15967741935488,Guam
Guam,GUM,4,2020,72.87200000000004,Guam
Guam,GUM,3,2020,38.70870967741936,Guam
Guam,GUM,2,2020,8.811379310344833,Guam
Guam,GUM,1,2020,0.0,Guam
Guam,GUM,6,2020,63.890000000000036,Guam
Guatemala,GTM,12,2020,49.54,Guatemala
Guatemala,GTM,11,2020,49.53999999999998,Guatemala
Guatemala,GTM,10,2020,49.53999999999998,Guatemala
Guatemala,GTM,9,2020,78.61166666666665,Guatemala
Guatemala,GTM,8,2020,87.03999999999998,Guatemala
Guatemala,GTM,7,2020,94.80645161290323,Guatemala
Guatemala,GTM,6,2020,96.30000000000003,Guatemala
Guatemala,GTM,5,2020,96.30000000000004,Guatemala
Guatemala,GTM,4,2020,94.7246666666667,Guatemala
Guatemala,GTM,3,2020,57.049032258064514,Guatemala
Guatemala,GTM,2,2020,11.110000000000008,Guatemala
Guatemala,GTM,1,2020,1.7922580645161288,Guatemala
Guinea,GIN,11,2020,40.788666666666664,Guinea
Guinea,GIN,10,2020,43.92096774193552,Guinea
Guinea,GIN,9,2020,63.33599999999998,Guinea
Guinea,GIN,8,2020,70.68096774193546,Guinea
Guinea,GIN,7,2020,69.3564516129032,Guinea
Guinea,GIN,12,2020,42.589999999999996,Guinea
Guinea,GIN,5,2020,78.69999999999999,Guinea
Guinea,GIN,4,2020,78.7,Guinea
Guinea,GIN,3,2020,25.239354838709676,Guinea
Guinea,GIN,2,2020,11.110000000000008,Guinea
Guinea,GIN,1,2020,1.4338709677419355,Guinea
Guinea,GIN,6,2020,75.61666666666673,Guinea
Guyana,GUY,11,2020,70.36999999999999,Guyana
Guyana,GUY,10,2020,75.17935483870966,Guyana
Guyana,GUY,9,2020,75.75766666666668,Guyana
Guyana,GUY,8,2020,74.31580645161296,Guyana
Guyana,GUY,7,2020,77.45967741935479,Guyana
Guyana,GUY,12,2020,68.52,Guyana
Guyana,GUY,5,2020,87.03999999999998,Guyana
Guyana,GUY,4,2020,84.69466666666663,Guyana
Guyana,GUY,3,2020,32.02064516129032,Guyana
Guyana,GUY,2,2020,11.974137931034477,Guyana
Guyana,GUY,1,2020,1.2554838709677423,Guyana
Guyana,GUY,6,2020,82.46900000000004,Guyana
Haiti,HTI,12,2020,41.67000000000001,Haiti
Haiti,HTI,11,2020,45.92500000000003,Haiti
Haiti,HTI,10,2020,47.22000000000002,Haiti
Haiti,HTI,9,2020,29.940000000000012,Haiti
Haiti,HTI,8,2020,24.28387096774192,Haiti
Haiti,HTI,7,2020,54.92516129032261,Haiti
Haiti,HTI,6,2020,79.94166666666665,Haiti
Haiti,HTI,4,2020,89.10333333333331,Haiti
Haiti,HTI,3,2020,40.83032258064515,Haiti
Haiti,HTI,2,2020,2.4924137931034487,Haiti
Haiti,HTI,1,2020,0.0,Haiti
Haiti,HTI,5,2020,89.80999999999996,Haiti
Honduras,HND,8,2020,90.47419354838705,Honduras
Honduras,HND,12,2020,87.03999999999998,Honduras
Honduras,HND,10,2020,85.4258064516129,Honduras
Honduras,HND,9,2020,83.08833333333338,Honduras
Honduras,HND,7,2020,96.30000000000004,Honduras
Honduras,HND,11,2020,87.03999999999998,Honduras
Honduras,HND,5,2020,100.0,Honduras
Honduras,HND,4,2020,100.0,Honduras
Honduras,HND,3,2020,57.854838709677416,Honduras
Honduras,HND,2,2020,0.0,Honduras
Honduras,HND,6,2020,97.16333333333337,Honduras
Honduras,HND,1,2020,0.0,Honduras
Hong Kong,HKG,11,2020,55.12433333333332,Hong Kong
Hong Kong,HKG,10,2020,51.84999999999997,Hong Kong
Hong Kong,HKG,9,2020,62.346,Hong Kong
Hong Kong,HKG,8,2020,66.67000000000003,Hong Kong
Hong Kong,HKG,7,2020,55.37967741935486,Hong Kong
Hong Kong,HKG,12,2020,70.65846153846152,Hong Kong
Hong Kong,HKG,5,2020,63.20387096774197,Hong Kong
Hong Kong,HKG,4,2020,66.20666666666669,Hong Kong
Hong Kong,HKG,3,2020,48.83548387096775,Hong Kong
Hong Kong,HKG,2,2020,51.88448275862067,Hong Kong
Hong Kong,HKG,1,2020,20.281290322580645,Hong Kong
Hong Kong,HKG,6,2020,48.33600000000001,Hong Kong
Hungary,HUN,12,2020,72.22000000000001,Hungary
Hungary,HUN,11,2020,66.17166666666668,Hungary
Hungary,HUN,10,2020,40.74,Hungary
Hungary,HUN,9,2020,43.826666666666675,Hungary
Hungary,HUN,8,2020,50.86354838709676,Hungary
Hungary,HUN,7,2020,54.630000000000045,Hungary
Hungary,HUN,6,2020,58.703333333333376,Hungary
Hungary,HUN,4,2020,76.84999999999995,Hungary
Hungary,HUN,3,2020,48.26612903225806,Hungary
Hungary,HUN,2,2020,0.3834482758620689,Hungary
Hungary,HUN,1,2020,0.0,Hungary
Hungary,HUN,5,2020,67.65516129032261,Hungary
Iceland,ISL,12,2020,52.77999999999998,Iceland
Iceland,ISL,11,2020,52.77999999999998,Iceland
Iceland,ISL,10,2020,41.81580645161288,Iceland
Iceland,ISL,9,2020,39.628000000000014,Iceland
Iceland,ISL,8,2020,46.299999999999976,Iceland
Iceland,ISL,7,2020,40.019354838709646,Iceland
Iceland,ISL,5,2020,48.05709677419353,Iceland
Iceland,ISL,4,2020,53.70000000000003,Iceland
Iceland,ISL,3,2020,35.6935483870968,Iceland
Iceland,ISL,2,2020,16.670000000000012,Iceland
Iceland,ISL,1,2020,3.7635483870967743,Iceland
Iceland,ISL,6,2020,39.80999999999997,Iceland
India,IND,11,2020,64.04,India
India,IND,10,2020,68.08354838709674,India
India,IND,9,2020,79.105,India
India,IND,8,2020,79.76451612903232,India
India,IND,7,2020,76.70290322580647,India
India,IND,6,2020,76.28,India
India,IND,5,2020,82.0787096774194,India
India,IND,4,2020,98.64333333333339,India
India,IND,3,2020,54.52483870967742,India
India,IND,2,2020,10.19,India
India,IND,1,2020,2.1516129032258062,India
Indonesia,IDN,12,2020,64.35000000000001,Indonesia
Indonesia,IDN,11,2020,56.01599999999998,Indonesia
Indonesia,IDN,10,2020,58.348064516129064,Indonesia
Indonesia,IDN,9,2020,65.95666666666669,Indonesia
Indonesia,IDN,8,2020,60.61677419354841,Indonesia
Indonesia,IDN,7,2020,59.81290322580645,Indonesia
Indonesia,IDN,1,2020,6.990322580645163,Indonesia
Indonesia,IDN,5,2020,73.82193548387099,Indonesia
Indonesia,IDN,4,2020,68.42666666666665,Indonesia
Indonesia,IDN,3,2020,41.81741935483873,Indonesia
Indonesia,IDN,2,2020,27.295862068965526,Indonesia
Indonesia,IDN,6,2020,66.51433333333333,Indonesia
Iran,IRN,8,2020,60.32354838709681,Iran
Iran,IRN,11,2020,68.61399999999996,Iran
Iran,IRN,10,2020,63.63516129032256,Iran
Iran,IRN,9,2020,57.22466666666672,Iran
Iran,IRN,7,2020,52.9448387096774,Iran
Iran,IRN,12,2020,70.83000000000001,Iran
Iran,IRN,5,2020,48.714516129032255,Iran
Iran,IRN,1,2020,0.0,Iran
Iran,IRN,2,2020,4.533793103448277,Iran
Iran,IRN,6,2020,43.51666666666669,Iran
Iran,IRN,4,2020,54.568,Iran
Iran,IRN,3,2020,46.834516129032274,Iran
Iraq,IRQ,12,2020,48.149999999999984,Iraq
Iraq,IRQ,11,2020,51.603333333333325,Iraq
Iraq,IRQ,10,2020,58.42225806451611,Iraq
Iraq,IRQ,9,2020,72.00566666666667,Iraq
Iraq,IRQ,7,2020,92.59000000000002,Iraq
Iraq,IRQ,8,2020,91.24645161290326,Iraq
Iraq,IRQ,5,2020,85.27709677419361,Iraq
Iraq,IRQ,4,2020,92.59666666666665,Iraq
Iraq,IRQ,3,2020,76.04548387096776,Iraq
Iraq,IRQ,2,2020,11.558275862068964,Iraq
Iraq,IRQ,1,2020,0.0,Iraq
Iraq,IRQ,6,2020,92.59,Iraq
Ireland,IRL,8,2020,60.03387096774192,Ireland
Ireland,IRL,11,2020,81.48,Ireland
Ireland,IRL,12,2020,74.20428571428572,Ireland
Ireland,IRL,10,2020,66.8425806451613,Ireland
Ireland,IRL,9,2020,63.91666666666666,Ireland
Ireland,IRL,7,2020,38.89000000000001,Ireland
Ireland,IRL,2,2020,5.176206896551725,Ireland
Ireland,IRL,5,2020,87.39354838709674,Ireland
Ireland,IRL,4,2020,89.81499999999996,Ireland
Ireland,IRL,3,2020,40.08451612903225,Ireland
Ireland,IRL,1,2020,0.0,Ireland
Ireland,IRL,6,2020,68.14633333333337,Ireland
Israel,ISR,12,2020,72.87999999999998,Israel
Israel,ISR,11,2020,63.24,Israel
Israel,ISR,10,2020,78.01838709677419,Israel
Israel,ISR,9,2020,57.56066666666668,Israel
Israel,ISR,7,2020,63.77032258064519,Israel
Israel,ISR,8,2020,42.4425806451613,Israel
Israel,ISR,5,2020,77.30129032258064,Israel
Israel,ISR,1,2020,0.4483870967741935,Israel
Israel,ISR,2,2020,17.525862068965516,Israel
Israel,ISR,6,2020,74.81466666666667,Israel
Israel,ISR,4,2020,89.35100000000004,Israel
Israel,ISR,3,2020,58.54096774193548,Israel
Italy,ITA,11,2020,77.09933333333339,Italy
Italy,ITA,10,2020,55.82612903225808,Italy
Italy,ITA,9,2020,50.43100000000002,Italy
Italy,ITA,8,2020,52.09258064516131,Italy
Italy,ITA,7,2020,55.973225806451616,Italy
Italy,ITA,12,2020,79.63000000000001,Italy
Italy,ITA,5,2020,66.57677419354843,Italy
Italy,ITA,4,2020,92.59433333333332,Italy
Italy,ITA,3,2020,84.06870967741939,Italy
Italy,ITA,2,2020,32.51689655172414,Italy
Italy,ITA,1,2020,1.5235483870967743,Italy
Italy,ITA,6,2020,52.038333333333306,Italy
Jamaica,JAM,12,2020,67.59000000000002,Jamaica
Jamaica,JAM,11,2020,67.8373333333333,Jamaica
Jamaica,JAM,10,2020,70.81935483870967,Jamaica
Jamaica,JAM,9,2020,78.7,Jamaica
Jamaica,JAM,8,2020,73.14903225806452,Jamaica
Jamaica,JAM,7,2020,64.80999999999996,Jamaica
Jamaica,JAM,6,2020,69.68899999999998,Jamaica
Jamaica,JAM,4,2020,81.63599999999998,Jamaica
Jamaica,JAM,3,2020,51.37290322580644,Jamaica
Jamaica,JAM,1,2020,0.26870967741935486,Jamaica
Jamaica,JAM,5,2020,86.95032258064515,Jamaica
Jamaica,JAM,2,2020,17.907586206896553,Jamaica
Japan,JPN,12,2020,50.00000000000001,Japan
Japan,JPN,7,2020,27.990322580645152,Japan
Japan,JPN,11,2020,39.321666666666665,Japan
Japan,JPN,10,2020,36.73774193548387,Japan
Japan,JPN,9,2020,35.648666666666664,Japan
Japan,JPN,8,2020,32.70838709677417,Japan
Japan,JPN,6,2020,27.77666666666665,Japan
Japan,JPN,4,2020,45.73966666666668,Japan
Japan,JPN,1,2020,2.2419354838709684,Japan
Japan,JPN,5,2020,41.90451612903227,Japan
Japan,JPN,3,2020,41.15870967741936,Japan
Japan,JPN,2,2020,21.804482758620686,Japan
Jordan,JOR,12,2020,78.7,Jordan
Jordan,JOR,11,2020,77.96133333333334,Jordan
Jordan,JOR,10,2020,76.28193548387098,Jordan
Jordan,JOR,9,2020,63.79733333333338,Jordan
Jordan,JOR,7,2020,48.15000000000002,Jordan
Jordan,JOR,8,2020,53.97258064516131,Jordan
Jordan,JOR,5,2020,81.33387096774196,Jordan
Jordan,JOR,4,2020,97.90133333333337,Jordan
Jordan,JOR,3,2020,51.97064516129032,Jordan
Jordan,JOR,2,2020,0.0,Jordan
Jordan,JOR,1,2020,0.0,Jordan
Jordan,JOR,6,2020,53.08833333333336,Jordan
Kazakhstan,KAZ,8,2020,80.11000000000004,Kazakhstan
Kazakhstan,KAZ,11,2020,67.19100000000003,Kazakhstan
Kazakhstan,KAZ,12,2020,71.33307692307692,Kazakhstan
Kazakhstan,KAZ,10,2020,75.08677419354837,Kazakhstan
Kazakhstan,KAZ,9,2020,78.88866666666665,Kazakhstan
Kazakhstan,KAZ,7,2020,82.94258064516126,Kazakhstan
Kazakhstan,KAZ,2,2020,8.330000000000005,Kazakhstan
Kazakhstan,KAZ,5,2020,85.1703225806452,Kazakhstan
Kazakhstan,KAZ,4,2020,92.13000000000007,Kazakhstan
Kazakhstan,KAZ,3,2020,45.114193548387114,Kazakhstan
Kazakhstan,KAZ,6,2020,81.02,Kazakhstan
Kazakhstan,KAZ,1,2020,0.8061290322580645,Kazakhstan
Kenya,KEN,7,2020,81.3006451612903,Kenya
Kenya,KEN,12,2020,62.960000000000015,Kenya
Kenya,KEN,11,2020,62.96000000000002,Kenya
Kenya,KEN,10,2020,67.44225806451611,Kenya
Kenya,KEN,9,2020,71.29999999999998,Kenya
Kenya,KEN,8,2020,71.446129032258,Kenya
Kenya,KEN,6,2020,87.65533333333342,Kenya
Kenya,KEN,4,2020,88.58166666666668,Kenya
Kenya,KEN,3,2020,45.75935483870967,Kenya
Kenya,KEN,2,2020,4.695517241379311,Kenya
Kenya,KEN,1,2020,1.0761290322580648,Kenya
Kenya,KEN,5,2020,88.89,Kenya
Kosovo,OWID_KOS,11,2020,70.8313333333333,Kosovo
Kosovo,OWID_KOS,10,2020,54.51129032258063,Kosovo
Kosovo,OWID_KOS,9,2020,58.70199999999998,Kosovo
Kosovo,OWID_KOS,8,2020,68.00645161290325,Kosovo
Kosovo,OWID_KOS,7,2020,56.57129032258067,Kosovo
Kosovo,OWID_KOS,12,2020,74.06999999999996,Kosovo
Kosovo,OWID_KOS,5,2020,90.08354838709676,Kosovo
Kosovo,OWID_KOS,4,2020,92.59,Kosovo
Kosovo,OWID_KOS,3,2020,56.06419354838708,Kosovo
Kosovo,OWID_KOS,2,2020,0.0,Kosovo
Kosovo,OWID_KOS,1,2020,0.0,Kosovo
Kosovo,OWID_KOS,6,2020,62.50099999999999,Kosovo
Kuwait,KWT,12,2020,62.960000000000015,Kuwait
Kuwait,KWT,11,2020,62.96000000000002,Kuwait
Kuwait,KWT,10,2020,63.1393548387097,Kuwait
Kuwait,KWT,9,2020,65.74,Kuwait
Kuwait,KWT,8,2020,65.74,Kuwait
Kuwait,KWT,7,2020,79.80838709677423,Kuwait
Kuwait,KWT,6,2020,84.94200000000004,Kuwait
Kuwait,KWT,4,2020,89.96999999999997,Kuwait
Kuwait,KWT,3,2020,62.24516129032257,Kuwait
Kuwait,KWT,2,2020,8.719310344827583,Kuwait
Kuwait,KWT,1,2020,1.614193548387097,Kuwait
Kuwait,KWT,5,2020,96.2667741935484,Kuwait
Kyrgyzstan,KGZ,8,2020,77.82483870967745,Kyrgyz Republic
Kyrgyzstan,KGZ,11,2020,53.393333333333345,Kyrgyz Republic
Kyrgyzstan,KGZ,10,2020,59.511290322580614,Kyrgyz Republic
Kyrgyzstan,KGZ,9,2020,68.79800000000002,Kyrgyz Republic
Kyrgyzstan,KGZ,7,2020,76.47967741935487,Kyrgyz Republic
Kyrgyzstan,KGZ,12,2020,53.01083333333333,Kyrgyz Republic
Kyrgyzstan,KGZ,5,2020,83.40838709677422,Kyrgyz Republic
Kyrgyzstan,KGZ,4,2020,92.00666666666672,Kyrgyz Republic
Kyrgyzstan,KGZ,3,2020,51.17903225806454,Kyrgyz Republic
Kyrgyzstan,KGZ,2,2020,14.464137931034475,Kyrgyz Republic
Kyrgyzstan,KGZ,1,2020,1.9716129032258063,Kyrgyz Republic
Kyrgyzstan,KGZ,6,2020,75.92666666666665,Kyrgyz Republic
Laos,LAO,12,2020,29.63,Laos
Laos,LAO,11,2020,33.20666666666668,Laos
Laos,LAO,10,2020,36.11,Laos
Laos,LAO,9,2020,36.11000000000001,Laos
Laos,LAO,8,2020,36.11,Laos
Laos,LAO,7,2020,20.37,Laos
Laos,LAO,6,2020,39.65666666666664,Laos
Laos,LAO,5,2020,72.04387096774194,Laos
Laos,LAO,4,2020,96.30000000000003,Laos
Laos,LAO,3,2020,18.877096774193546,Laos
Laos,LAO,2,2020,0.0,Laos
Laos,LAO,1,2020,0.0,Laos
Latvia,LVA,12,2020,53.70000000000001,Latvia
Latvia,LVA,10,2020,35.035161290322584,Latvia
Latvia,LVA,9,2020,40.12666666666665,Latvia
Latvia,LVA,8,2020,44.534516129032276,Latvia
Latvia,LVA,7,2020,50.0,Latvia
Latvia,LVA,11,2020,51.293333333333365,Latvia
Latvia,LVA,5,2020,64.33483870967737,Latvia
Latvia,LVA,4,2020,69.44000000000004,Latvia
Latvia,LVA,3,2020,41.337419354838715,Latvia
Latvia,LVA,2,2020,3.354137931034483,Latvia
Latvia,LVA,1,2020,0.08967741935483871,Latvia
Latvia,LVA,6,2020,53.333,Latvia
Lebanon,LBN,12,2020,87.03999999999998,Lebanon
Lebanon,LBN,10,2020,59.021290322580654,Lebanon
Lebanon,LBN,9,2020,61.7883333333333,Lebanon
Lebanon,LBN,8,2020,50.2358064516129,Lebanon
Lebanon,LBN,7,2020,59.49935483870967,Lebanon
Lebanon,LBN,11,2020,74.2003333333333,Lebanon
Lebanon,LBN,5,2020,78.85483870967745,Lebanon
Lebanon,LBN,4,2020,84.69533333333337,Lebanon
Lebanon,LBN,3,2020,58.155483870967764,Lebanon
Lebanon,LBN,2,2020,4.597931034482759,Lebanon
Lebanon,LBN,1,2020,0.0,Lebanon
Lebanon,LBN,6,2020,74.06999999999996,Lebanon
Lesotho,LSO,11,2020,47.22000000000002,Lesotho
Lesotho,LSO,10,2020,47.997419354838726,Lesotho
Lesotho,LSO,9,2020,64.908,Lesotho
Lesotho,LSO,8,2020,71.3,Lesotho
Lesotho,LSO,7,2020,62.09806451612902,Lesotho
Lesotho,LSO,5,2020,66.66903225806449,Lesotho
Lesotho,LSO,4,2020,90.73999999999995,Lesotho
Lesotho,LSO,3,2020,40.20419354838711,Lesotho
Lesotho,LSO,2,2020,0.0,Lesotho
Lesotho,LSO,1,2020,0.0,Lesotho
Lesotho,LSO,6,2020,59.57000000000003,Lesotho
Liberia,LBR,8,2020,64.66096774193545,Liberia
Liberia,LBR,11,2020,57.41000000000002,Liberia
Liberia,LBR,10,2020,58.03774193548389,Liberia
Liberia,LBR,9,2020,60.19000000000004,Liberia
Liberia,LBR,7,2020,70.36999999999998,Liberia
Liberia,LBR,12,2020,57.40999999999998,Liberia
Liberia,LBR,5,2020,86.88580645161298,Liberia
Liberia,LBR,1,2020,0.5380645161290323,Liberia
Liberia,LBR,2,2020,5.560000000000001,Liberia
Liberia,LBR,6,2020,80.09333333333338,Liberia
Liberia,LBR,4,2020,85.33766666666669,Liberia
Liberia,LBR,3,2020,34.91774193548387,Liberia
Libya,LBY,11,2020,79.63000000000007,Libya
Libya,LBY,10,2020,81.33258064516129,Libya
Libya,LBY,9,2020,86.10999999999999,Libya
Libya,LBY,8,2020,88.31806451612904,Libya
Libya,LBY,7,2020,91.00774193548385,Libya
Libya,LBY,12,2020,80.24666666666667,Libya
Libya,LBY,5,2020,99.52258064516131,Libya
Libya,LBY,4,2020,94.75333333333334,Libya
Libya,LBY,3,2020,40.32354838709677,Libya
Libya,LBY,2,2020,3.8344827586206907,Libya
Libya,LBY,1,2020,0.0,Libya
Libya,LBY,6,2020,96.052,Libya
Lithuania,LTU,12,2020,62.96,Lithuania
Lithuania,LTU,11,2020,62.86800000000002,Lithuania
Lithuania,LTU,10,2020,50.64483870967742,Lithuania
Lithuania,LTU,9,2020,34.26,Lithuania
Lithuania,LTU,8,2020,34.26,Lithuania
Lithuania,LTU,7,2020,31.9283870967742,Lithuania
Lithuania,LTU,6,2020,45.92533333333334,Lithuania
Lithuania,LTU,4,2020,81.72800000000004,Lithuania
Lithuania,LTU,3,2020,50.83483870967742,Lithuania
Lithuania,LTU,1,2020,0.0,Lithuania
Lithuania,LTU,5,2020,73.98645161290322,Lithuania
Lithuania,LTU,2,2020,1.149655172413793,Lithuania
Luxembourg,LUX,12,2020,76.85000000000001,Luxembourg
Luxembourg,LUX,7,2020,24.941935483870953,Luxembourg
Luxembourg,LUX,11,2020,57.09833333333335,Luxembourg
Luxembourg,LUX,10,2020,49.61096774193548,Luxembourg
Luxembourg,LUX,9,2020,46.015333333333366,Luxembourg
Luxembourg,LUX,8,2020,37.99322580645162,Luxembourg
Luxembourg,LUX,6,2020,41.20499999999998,Luxembourg
Luxembourg,LUX,4,2020,76.23466666666666,Luxembourg
Luxembourg,LUX,3,2020,49.93967741935486,Luxembourg
Luxembourg,LUX,2,2020,0.0,Luxembourg
Luxembourg,LUX,1,2020,0.0,Luxembourg
Luxembourg,LUX,5,2020,58.03419354838711,Luxembourg
Macao,MAC,11,2020,23.149999999999988,Macau
Macao,MAC,10,2020,23.149999999999988,Macau
Macao,MAC,9,2020,23.149999999999988,Macau
Macao,MAC,8,2020,23.149999999999988,Macau
Macao,MAC,7,2020,23.149999999999988,Macau
Macao,MAC,12,2020,23.15,Macau
Macao,MAC,5,2020,38.85677419354841,Macau
Macao,MAC,4,2020,42.25233333333335,Macau
Macao,MAC,3,2020,40.38451612903226,Macau
Macao,MAC,2,2020,44.25517241379308,Macau
Macao,MAC,1,2020,18.099999999999994,Macau
Macao,MAC,6,2020,32.408333333333324,Macau
Madagascar,MDG,12,2020,42.026153846153846,Madagascar
Madagascar,MDG,11,2020,37.039999999999985,Madagascar
Madagascar,MDG,10,2020,43.48806451612902,Madagascar
Madagascar,MDG,9,2020,58.94999999999998,Madagascar
Madagascar,MDG,8,2020,67.39709677419354,Madagascar
Madagascar,MDG,7,2020,68.98,Madagascar
Madagascar,MDG,6,2020,70.18466666666663,Madagascar
Madagascar,MDG,4,2020,85.46266666666664,Madagascar
Madagascar,MDG,3,2020,34.70774193548387,Madagascar
Madagascar,MDG,2,2020,0.0,Madagascar
Madagascar,MDG,1,2020,0.0,Madagascar
Madagascar,MDG,5,2020,69.38354838709672,Madagascar
Malawi,MWI,8,2020,63.76677419354835,Malawi
Malawi,MWI,12,2020,50.92999999999999,Malawi
Malawi,MWI,11,2020,50.93,Malawi
Malawi,MWI,9,2020,55.89700000000003,Malawi
Malawi,MWI,7,2020,60.19000000000004,Malawi
Malawi,MWI,10,2020,52.36225806451615,Malawi
Malawi,MWI,5,2020,60.19000000000004,Malawi
Malawi,MWI,4,2020,57.717666666666695,Malawi
Malawi,MWI,3,2020,25.09096774193548,Malawi
Malawi,MWI,6,2020,60.19000000000004,Malawi
Malawi,MWI,2,2020,3.6427586206896563,Malawi
Malawi,MWI,1,2020,0.0,Malawi
Malaysia,MYS,10,2020,61.43967741935484,Malaysia
Malaysia,MYS,9,2020,55.37333333333331,Malaysia
Malaysia,MYS,8,2020,56.75258064516131,Malaysia
Malaysia,MYS,7,2020,49.73322580645161,Malaysia
Malaysia,MYS,6,2020,60.7116666666667,Malaysia
Malaysia,MYS,11,2020,78.51633333333332,Malaysia
Malaysia,MYS,4,2020,73.15000000000005,Malaysia
Malaysia,MYS,3,2020,47.192258064516146,Malaysia
Malaysia,MYS,2,2020,19.440000000000005,Malaysia
Malaysia,MYS,1,2020,6.271612903225807,Malaysia
Malaysia,MYS,5,2020,71.41322580645162,Malaysia
Mali,MLI,12,2020,37.96,Mali
Mali,MLI,11,2020,37.960000000000015,Mali
Mali,MLI,10,2020,39.21548387096776,Mali
Mali,MLI,9,2020,45.12333333333333,Mali
Mali,MLI,8,2020,47.22000000000002,Mali
Mali,MLI,7,2020,52.6006451612903,Mali
Mali,MLI,6,2020,52.903333333333315,Mali
Mali,MLI,4,2020,72.22000000000001,Mali
Mali,MLI,3,2020,20.966774193548392,Mali
Mali,MLI,2,2020,0.0,Mali
Mali,MLI,1,2020,0.0,Mali
Mali,MLI,5,2020,60.242580645161304,Mali
Malta,MLT,9,2020,42.59,Malta
Malta,MLT,12,2020,52.77999999999998,Malta
Malta,MLT,11,2020,52.77999999999998,Malta
Malta,MLT,10,2020,47.280645161290316,Malta
Malta,MLT,8,2020,40.43967741935483,Malta
Malta,MLT,7,2020,32.19741935483872,Malta
Malta,MLT,5,2020,85.84322580645158,Malta
Malta,MLT,4,2020,86.66933333333331,Malta
Malta,MLT,3,2020,47.579677419354844,Malta
Malta,MLT,2,2020,6.707931034482762,Malta
Malta,MLT,1,2020,1.255483870967742,Malta
Malta,MLT,6,2020,52.03466666666669,Malta
Mauritania,MRT,12,2020,39.284285714285716,Mauritania
Mauritania,MRT,11,2020,17.58999999999999,Mauritania
Mauritania,MRT,9,2020,20.091999999999995,Mauritania
Mauritania,MRT,8,2020,29.63,Mauritania
Mauritania,MRT,7,2020,40.560645161290346,Mauritania
Mauritania,MRT,10,2020,17.589999999999993,Mauritania
Mauritania,MRT,5,2020,77.78000000000002,Mauritania
Mauritania,MRT,4,2020,77.78,Mauritania
Mauritania,MRT,3,2020,33.81387096774193,Mauritania
Mauritania,MRT,2,2020,4.793103448275863,Mauritania
Mauritania,MRT,1,2020,0.0,Mauritania
Mauritania,MRT,6,2020,77.78,Mauritania
Mauritius,MUS,12,2020,16.67,Mauritius
Mauritius,MUS,11,2020,16.670000000000012,Mauritius
Mauritius,MUS,10,2020,16.67000000000001,Mauritius
Mauritius,MUS,9,2020,22.220000000000017,Mauritius
Mauritius,MUS,8,2020,17.74419354838711,Mauritius
Mauritius,MUS,7,2020,17.92322580645162,Mauritius
Mauritius,MUS,4,2020,82.41,Mauritius
Mauritius,MUS,5,2020,79.53935483870966,Mauritius
Mauritius,MUS,3,2020,28.585161290322578,Mauritius
Mauritius,MUS,2,2020,0.0,Mauritius
Mauritius,MUS,1,2020,0.0,Mauritius
Mauritius,MUS,6,2020,45.76966666666665,Mauritius
Mexico,MEX,12,2020,71.76,Mexico
Mexico,MEX,9,2020,71.91466666666665,Mexico
Mexico,MEX,8,2020,72.26612903225805,Mexico
Mexico,MEX,11,2020,71.76,Mexico
Mexico,MEX,10,2020,72.23741935483874,Mexico
Mexico,MEX,7,2020,70.82999999999997,Mexico
Mexico,MEX,4,2020,82.41,Mexico
Mexico,MEX,5,2020,82.40999999999998,Mexico
Mexico,MEX,3,2020,19.923870967741934,Mexico
Mexico,MEX,2,2020,0.19172413793103446,Mexico
Mexico,MEX,1,2020,0.0,Mexico
Mexico,MEX,6,2020,71.51199999999997,Mexico
Moldova,MDA,12,2020,57.409999999999975,Moldova
Moldova,MDA,11,2020,48.705333333333336,Moldova
Moldova,MDA,9,2020,47.19100000000002,Moldova
Moldova,MDA,8,2020,57.410000000000025,Moldova
Moldova,MDA,7,2020,67.89290322580648,Moldova
Moldova,MDA,10,2020,47.073870967741954,Moldova
Moldova,MDA,5,2020,82.35032258064514,Moldova
Moldova,MDA,4,2020,85.83533333333337,Moldova
Moldova,MDA,3,2020,49.043870967741924,Moldova
Moldova,MDA,2,2020,5.942068965517244,Moldova
Moldova,MDA,1,2020,1.4348387096774196,Moldova
Moldova,MDA,6,2020,80.55999999999996,Moldova
Monaco,MCO,8,2020,65.74,Monaco
Monaco,MCO,7,2020,65.74,Monaco
Monaco,MCO,6,2020,65.74,Monaco
Monaco,MCO,5,2020,71.59548387096771,Monaco
Monaco,MCO,4,2020,87.96000000000002,Monaco
Monaco,MCO,2,2020,9.898620689655168,Monaco
Monaco,MCO,1,2020,2.3896774193548387,Monaco
Monaco,MCO,3,2020,64.42580645161291,Monaco
Mongolia,MNG,12,2020,83.10500000000002,Mongolia
Mongolia,MNG,11,2020,66.8566666666667,Mongolia
Mongolia,MNG,10,2020,40.20290322580647,Mongolia
Mongolia,MNG,9,2020,51.82166666666665,Mongolia
Mongolia,MNG,7,2020,60.90677419354843,Mongolia
Mongolia,MNG,8,2020,60.19000000000004,Mongolia
Mongolia,MNG,5,2020,73.62806451612903,Mongolia
Mongolia,MNG,4,2020,66.20233333333333,Mongolia
Mongolia,MNG,3,2020,57.85516129032257,Mongolia
Mongolia,MNG,2,2020,54.243448275862086,Mongolia
Mongolia,MNG,1,2020,17.232580645161296,Mongolia
Mongolia,MNG,6,2020,71.29999999999998,Mongolia
Morocco,MAR,11,2020,64.39700000000003,Morocco
Morocco,MAR,10,2020,62.12967741935487,Morocco
Morocco,MAR,9,2020,66.69800000000004,Morocco
Morocco,MAR,8,2020,69.65258064516124,Morocco
Morocco,MAR,7,2020,64.80999999999996,Morocco
Morocco,MAR,12,2020,66.2,Morocco
Morocco,MAR,5,2020,93.52,Morocco
Morocco,MAR,4,2020,93.52,Morocco
Morocco,MAR,3,2020,48.20967741935484,Morocco
Morocco,MAR,2,2020,0.0,Morocco
Morocco,MAR,1,2020,0.0,Morocco
Morocco,MAR,6,2020,79.31933333333329,Morocco
Mozambique,MOZ,12,2020,56.48000000000001,Mozambique
Mozambique,MOZ,11,2020,56.06300000000002,Mozambique
Mozambique,MOZ,10,2020,61.70967741935484,Mozambique
Mozambique,MOZ,9,2020,62.03999999999998,Mozambique
Mozambique,MOZ,8,2020,65.70967741935479,Mozambique
Mozambique,MOZ,7,2020,74.91193548387095,Mozambique
Mozambique,MOZ,6,2020,70.68266666666663,Mozambique
Mozambique,MOZ,4,2020,56.48000000000001,Mozambique
Mozambique,MOZ,3,2020,20.78612903225807,Mozambique
Mozambique,MOZ,2,2020,5.457586206896553,Mozambique
Mozambique,MOZ,1,2020,0.0,Mozambique
Mozambique,MOZ,5,2020,57.01806451612904,Mozambique
Myanmar,MMR,9,2020,79.92066666666669,Myanmar
Myanmar,MMR,12,2020,75.92999999999999,Myanmar
Myanmar,MMR,11,2020,79.63000000000007,Myanmar
Myanmar,MMR,10,2020,80.48193548387094,Myanmar
Myanmar,MMR,7,2020,79.24354838709672,Myanmar
Myanmar,MMR,8,2020,76.46161290322577,Myanmar
Myanmar,MMR,5,2020,82.23096774193544,Myanmar
Myanmar,MMR,6,2020,80.55999999999996,Myanmar
Myanmar,MMR,4,2020,80.5543333333333,Myanmar
Myanmar,MMR,3,2020,29.899032258064512,Myanmar
Myanmar,MMR,2,2020,2.7800000000000007,Myanmar
Myanmar,MMR,1,2020,0.0,Myanmar
Namibia,NAM,12,2020,39.81,Namibia
Namibia,NAM,11,2020,37.960000000000015,Namibia
Namibia,NAM,10,2020,43.008709677419375,Namibia
Namibia,NAM,9,2020,62.872000000000035,Namibia
Namibia,NAM,8,2020,58.8848387096774,Namibia
Namibia,NAM,7,2020,55.270967741935486,Namibia
Namibia,NAM,6,2020,60.522666666666694,Namibia
Namibia,NAM,5,2020,67.62548387096777,Namibia
Namibia,NAM,4,2020,69.69400000000003,Namibia
Namibia,NAM,3,2020,29.123225806451604,Namibia
Namibia,NAM,2,2020,0.0,Namibia
Namibia,NAM,1,2020,0.0,Namibia
Nepal,NPL,12,2020,60.19000000000002,Nepal
Nepal,NPL,10,2020,67.2345161290323,Nepal
Nepal,NPL,9,2020,76.29399999999994,Nepal
Nepal,NPL,8,2020,84.25967741935483,Nepal
Nepal,NPL,7,2020,87.33290322580639,Nepal
Nepal,NPL,11,2020,63.02666666666669,Nepal
Nepal,NPL,5,2020,93.30806451612905,Nepal
Nepal,NPL,4,2020,96.30000000000003,Nepal
Nepal,NPL,3,2020,48.71483870967742,Nepal
Nepal,NPL,2,2020,16.38241379310346,Nepal
Nepal,NPL,6,2020,92.59,Nepal
Nepal,NPL,1,2020,4.212580645161291,Nepal
Netherlands,NLD,10,2020,62.03999999999998,Netherlands
Netherlands,NLD,9,2020,50.83666666666667,Netherlands
Netherlands,NLD,8,2020,44.831935483870964,Netherlands
Netherlands,NLD,7,2020,39.80999999999997,Netherlands
Netherlands,NLD,6,2020,60.98666666666667,Netherlands
Netherlands,NLD,11,2020,62.592000000000006,Netherlands
Netherlands,NLD,4,2020,79.63000000000007,Netherlands
Netherlands,NLD,3,2020,44.264838709677406,Netherlands
Netherlands,NLD,2,2020,0.0,Netherlands
Netherlands,NLD,1,2020,0.0,Netherlands
Netherlands,NLD,5,2020,72.10387096774193,Netherlands
New Zealand,NZL,12,2020,22.22,New Zealand
New Zealand,NZL,11,2020,22.220000000000017,New Zealand
New Zealand,NZL,10,2020,24.101290322580663,New Zealand
New Zealand,NZL,9,2020,33.97866666666669,New Zealand
New Zealand,NZL,8,2020,51.461935483870974,New Zealand
New Zealand,NZL,7,2020,22.220000000000017,New Zealand
New Zealand,NZL,6,2020,28.027666666666658,New Zealand
New Zealand,NZL,4,2020,95.12666666666668,New Zealand
New Zealand,NZL,3,2020,46.0258064516129,New Zealand
New Zealand,NZL,2,2020,19.152758620689657,New Zealand
New Zealand,NZL,1,2020,3.583870967741935,New Zealand
New Zealand,NZL,5,2020,57.792258064516105,New Zealand
Nicaragua,NIC,8,2020,19.892580645161285,Nicaragua
Nicaragua,NIC,11,2020,8.330000000000005,Nicaragua
Nicaragua,NIC,10,2020,8.330000000000005,Nicaragua
Nicaragua,NIC,9,2020,12.22200000000001,Nicaragua
Nicaragua,NIC,7,2020,20.549032258064518,Nicaragua
Nicaragua,NIC,12,2020,8.33,Nicaragua
Nicaragua,NIC,5,2020,19.59419354838709,Nicaragua
Nicaragua,NIC,1,2020,0.0,Nicaragua
Nicaragua,NIC,2,2020,1.819655172413793,Nicaragua
Nicaragua,NIC,6,2020,18.519999999999992,Nicaragua
Nicaragua,NIC,4,2020,20.18266666666667,Nicaragua
Nicaragua,NIC,3,2020,11.437419354838713,Nicaragua
Niger,NER,11,2020,23.761333333333347,Niger
Niger,NER,10,2020,16.142333333333337,Niger
Niger,NER,9,2020,15.273333333333335,Niger
Niger,NER,8,2020,19.47322580645161,Niger
Niger,NER,7,2020,25.929999999999982,Niger
Niger,NER,12,2020,24.069999999999997,Niger
Niger,NER,5,2020,44.08354838709676,Niger
Niger,NER,4,2020,61.109999999999964,Niger
Niger,NER,3,2020,26.25516129032258,Niger
Niger,NER,2,2020,0.0,Niger
Niger,NER,1,2020,0.0,Niger
Niger,NER,6,2020,25.929999999999986,Niger
Nigeria,NGA,12,2020,50.92999999999999,Nigeria
Nigeria,NGA,11,2020,50.93,Nigeria
Nigeria,NGA,10,2020,52.242903225806465,Nigeria
Nigeria,NGA,9,2020,60.92800000000004,Nigeria
Nigeria,NGA,8,2020,67.65064516129033,Nigeria
Nigeria,NGA,7,2020,71.80483870967743,Nigeria
Nigeria,NGA,6,2020,82.175,Nigeria
Nigeria,NGA,4,2020,83.61133333333332,Nigeria
Nigeria,NGA,3,2020,28.881935483870972,Nigeria
Nigeria,NGA,1,2020,1.9725806451612906,Nigeria
Nigeria,NGA,5,2020,84.3945161290323,Nigeria
Nigeria,NGA,2,2020,11.110000000000008,Nigeria
Norway,NOR,12,2020,52.77999999999998,Norway
Norway,NOR,7,2020,40.74,Norway
Norway,NOR,11,2020,51.54533333333332,Norway
Norway,NOR,10,2020,34.56032258064514,Norway
Norway,NOR,9,2020,36.11,Norway
Norway,NOR,8,2020,39.753548387096785,Norway
Norway,NOR,6,2020,42.531,Norway
Norway,NOR,4,2020,76.17333333333336,Norway
Norway,NOR,3,2020,46.684193548387114,Norway
Norway,NOR,2,2020,11.110000000000008,Norway
Norway,NOR,1,2020,0.3583870967741935,Norway
Norway,NOR,5,2020,61.85516129032255,Norway
Oman,OMN,11,2020,37.039999999999985,Oman
Oman,OMN,10,2020,69.95129032258068,Oman
Oman,OMN,9,2020,86.10999999999999,Oman
Oman,OMN,8,2020,89.18451612903225,Oman
Oman,OMN,7,2020,89.66258064516131,Oman
Oman,OMN,12,2020,37.04,Oman
Oman,OMN,5,2020,87.30354838709681,Oman
Oman,OMN,4,2020,90.21566666666668,Oman
Oman,OMN,3,2020,48.654193548387106,Oman
Oman,OMN,2,2020,18.86551724137931,Oman
Oman,OMN,1,2020,3.2264516129032255,Oman
Oman,OMN,6,2020,87.22000000000001,Oman
Pakistan,PAK,12,2020,64.35000000000001,Pakistan
Pakistan,PAK,11,2020,54.16866666666666,Pakistan
Pakistan,PAK,10,2020,59.960967741935484,Pakistan
Pakistan,PAK,9,2020,44.352333333333355,Pakistan
Pakistan,PAK,8,2020,53.2003225806452,Pakistan
Pakistan,PAK,7,2020,66.4609677419355,Pakistan
Pakistan,PAK,6,2020,63.61166666666667,Pakistan
Pakistan,PAK,4,2020,93.67266666666663,Pakistan
Pakistan,PAK,3,2020,55.735161290322566,Pakistan
Pakistan,PAK,2,2020,10.438965517241378,Pakistan
Pakistan,PAK,1,2020,0.26870967741935486,Pakistan
Pakistan,PAK,5,2020,86.2296774193548,Pakistan
Palestine,PSE,8,2020,83.32999999999997,Palestine
Palestine,PSE,11,2020,52.345333333333336,Palestine
Palestine,PSE,10,2020,71.65645161290321,Palestine
Palestine,PSE,9,2020,83.98133333333332,Palestine
Palestine,PSE,7,2020,83.0616129032258,Palestine
Palestine,PSE,12,2020,62.5,Palestine
Palestine,PSE,5,2020,93.25354838709676,Palestine
Palestine,PSE,1,2020,0.0,Palestine
Palestine,PSE,2,2020,1.533793103448276,Palestine
Palestine,PSE,6,2020,80.55999999999996,Palestine
Palestine,PSE,4,2020,96.30000000000003,Palestine
Palestine,PSE,3,2020,71.80387096774191,Palestine
Panama,PAN,12,2020,70.10571428571428,Panama
Panama,PAN,11,2020,58.32999999999998,Panama
Panama,PAN,10,2020,69.35580645161288,Panama
Panama,PAN,9,2020,84.63066666666666,Panama
Panama,PAN,7,2020,82.91387096774193,Panama
Panama,PAN,8,2020,81.77999999999999,Panama
Panama,PAN,5,2020,91.24612903225804,Panama
Panama,PAN,4,2020,91.204,Panama
Panama,PAN,3,2020,42.05419354838711,Panama
Panama,PAN,2,2020,8.330000000000005,Panama
Panama,PAN,1,2020,2.866451612903225,Panama
Panama,PAN,6,2020,84.68799999999996,Panama
Papua New Guinea,PNG,8,2020,54.92806451612904,Papua New Guinea
Papua New Guinea,PNG,11,2020,39.073000000000015,Papua New Guinea
Papua New Guinea,PNG,10,2020,45.01193548387096,Papua New Guinea
Papua New Guinea,PNG,9,2020,46.849999999999994,Papua New Guinea
Papua New Guinea,PNG,7,2020,49.06999999999999,Papua New Guinea
Papua New Guinea,PNG,1,2020,1.8816129032258064,Papua New Guinea
Papua New Guinea,PNG,5,2020,59.603548387096765,Papua New Guinea
Papua New Guinea,PNG,4,2020,78.2253333333333,Papua New Guinea
Papua New Guinea,PNG,3,2020,30.763870967741923,Papua New Guinea
Papua New Guinea,PNG,2,2020,13.889999999999992,Papua New Guinea
Papua New Guinea,PNG,6,2020,54.16666666666664,Papua New Guinea
Paraguay,PRY,12,2020,63.88999999999999,Paraguay
Paraguay,PRY,11,2020,64.19600000000004,Paraguay
Paraguay,PRY,10,2020,67.85774193548386,Paraguay
Paraguay,PRY,9,2020,81.48,Paraguay
Paraguay,PRY,7,2020,77.71838709677421,Paraguay
Paraguay,PRY,8,2020,79.3277419354839,Paraguay
Paraguay,PRY,5,2020,91.5135483870968,Paraguay
Paraguay,PRY,1,2020,1.614193548387097,Paraguay
Paraguay,PRY,2,2020,5.560000000000001,Paraguay
Paraguay,PRY,6,2020,82.40499999999997,Paraguay
Paraguay,PRY,4,2020,94.1946666666667,Paraguay
Paraguay,PRY,3,2020,54.780322580645155,Paraguay
Peru,PER,11,2020,71.04599999999996,Peru
Peru,PER,10,2020,80.61645161290328,Peru
Peru,PER,9,2020,85.19000000000004,Peru
Peru,PER,8,2020,83.8735483870968,Peru
Peru,PER,7,2020,78.25580645161293,Peru
Peru,PER,12,2020,67.59000000000002,Peru
Peru,PER,5,2020,93.15903225806449,Peru
Peru,PER,4,2020,94.44000000000004,Peru
Peru,PER,3,2020,58.51032258064518,Peru
Peru,PER,2,2020,0.0,Peru
Peru,PER,1,2020,0.0,Peru
Peru,PER,6,2020,89.80999999999996,Peru
Philippines,PHL,12,2020,66.89499999999998,Philippines
Philippines,PHL,11,2020,69.62866666666667,Philippines
Philippines,PHL,10,2020,69.21870967741935,Philippines
Philippines,PHL,9,2020,68.36333333333337,Philippines
Philippines,PHL,8,2020,75.11903225806451,Philippines
Philippines,PHL,7,2020,80.01903225806446,Philippines
Philippines,PHL,6,2020,80.73999999999997,Philippines
Philippines,PHL,4,2020,100.0,Philippines
Philippines,PHL,3,2020,64.84451612903226,Philippines
Philippines,PHL,1,2020,3.135806451612903,Philippines
Philippines,PHL,5,2020,94.5077419354839,Philippines
Philippines,PHL,2,2020,23.849655172413794,Philippines
Poland,POL,12,2020,71.29999999999998,Poland
Poland,POL,8,2020,39.80999999999997,Poland
Poland,POL,11,2020,71.29999999999998,Poland
Poland,POL,10,2020,41.20548387096774,Poland
Poland,POL,9,2020,30.493999999999993,Poland
Poland,POL,7,2020,42.67967741935481,Poland
Poland,POL,5,2020,81.53838709677419,Poland
Poland,POL,1,2020,1.614193548387097,Poland
Poland,POL,2,2020,6.134137931034484,Poland
Poland,POL,6,2020,52.593000000000025,Poland
Poland,POL,4,2020,82.83666666666663,Poland
Poland,POL,3,2020,41.45870967741936,Poland
Portugal,PRT,11,2020,68.31766666666668,Portugal
Portugal,PRT,10,2020,60.04741935483874,Portugal
Portugal,PRT,9,2020,57.74699999999998,Portugal
Portugal,PRT,8,2020,63.424193548387095,Portugal
Portugal,PRT,7,2020,70.92548387096774,Portugal
Portugal,PRT,12,2020,78.16333333333331,Portugal
Portugal,PRT,5,2020,74.58322580645162,Portugal
Portugal,PRT,4,2020,83.33500000000001,Portugal
Portugal,PRT,3,2020,47.432258064516134,Portugal
Portugal,PRT,2,2020,11.110000000000008,Portugal
Portugal,PRT,1,2020,2.1503225806451614,Portugal
Portugal,PRT,6,2020,70.60500000000002,Portugal
Puerto Rico,PRI,12,2020,64.80999999999997,Puerto Rico
Puerto Rico,PRI,11,2020,66.29266666666665,Puerto Rico
Puerto Rico,PRI,10,2020,70.19064516129029,Puerto Rico
Puerto Rico,PRI,9,2020,70.36999999999995,Puerto Rico
Puerto Rico,PRI,8,2020,69.14419354838708,Puerto Rico
Puerto Rico,PRI,7,2020,66.27709677419351,Puerto Rico
Puerto Rico,PRI,6,2020,77.77499999999995,Puerto Rico
Puerto Rico,PRI,4,2020,93.52,Puerto Rico
Puerto Rico,PRI,3,2020,58.99129032258064,Puerto Rico
Puerto Rico,PRI,1,2020,0.17935483870967742,Puerto Rico
Puerto Rico,PRI,5,2020,90.16903225806448,Puerto Rico
Puerto Rico,PRI,2,2020,2.7800000000000007,Puerto Rico
Qatar,QAT,12,2020,64.81,Qatar
Qatar,QAT,7,2020,80.20129032258063,Qatar
Qatar,QAT,11,2020,64.80999999999996,Qatar
Qatar,QAT,10,2020,64.80999999999996,Qatar
Qatar,QAT,9,2020,64.80999999999996,Qatar
Qatar,QAT,8,2020,77.78000000000002,Qatar
Qatar,QAT,6,2020,81.85266666666665,Qatar
Qatar,QAT,4,2020,85.27599999999994,Qatar
Qatar,QAT,3,2020,48.20967741935482,Qatar
Qatar,QAT,2,2020,13.506551724137923,Qatar
Qatar,QAT,1,2020,1.075483870967742,Qatar
Qatar,QAT,5,2020,83.32999999999997,Qatar
Romania,ROU,12,2020,76.85000000000001,Romania
Romania,ROU,11,2020,68.5493333333333,Romania
Romania,ROU,10,2020,48.26645161290326,Romania
Romania,ROU,9,2020,44.136333333333326,Romania
Romania,ROU,8,2020,42.589999999999996,Romania
Romania,ROU,7,2020,42.29258064516129,Romania
Romania,ROU,5,2020,79.36129032258064,Romania
Romania,ROU,4,2020,87.03999999999998,Romania
Romania,ROU,3,2020,53.075483870967744,Romania
Romania,ROU,2,2020,7.475517241379313,Romania
Romania,ROU,1,2020,0.4483870967741935,Romania
Romania,ROU,6,2020,48.02500000000002,Romania
Russia,RUS,8,2020,63.131290322580654,Russia
Russia,RUS,12,2020,47.690000000000005,Russia
Russia,RUS,11,2020,46.20733333333335,Russia
Russia,RUS,10,2020,45.76193548387098,Russia
Russia,RUS,9,2020,39.445,Russia
Russia,RUS,7,2020,69.31096774193547,Russia
Russia,RUS,1,2020,0.5374193548387097,Russia
Russia,RUS,5,2020,80.70612903225803,Russia
Russia,RUS,4,2020,85.49833333333338,Russia
Russia,RUS,3,2020,47.04290322580644,Russia
Russia,RUS,2,2020,8.330000000000005,Russia
Russia,RUS,6,2020,73.55066666666663,Russia
Rwanda,RWA,8,2020,74.85387096774195,Rwanda
Rwanda,RWA,11,2020,57.405333333333324,Rwanda
Rwanda,RWA,12,2020,56.62461538461538,Rwanda
Rwanda,RWA,10,2020,68.3412903225807,Rwanda
Rwanda,RWA,9,2020,77.31300000000002,Rwanda
Rwanda,RWA,7,2020,75.14774193548381,Rwanda
Rwanda,RWA,2,2020,13.889999999999992,Rwanda
Rwanda,RWA,5,2020,74.85225806451618,Rwanda
Rwanda,RWA,4,2020,90.73999999999995,Rwanda
Rwanda,RWA,3,2020,49.07354838709677,Rwanda
Rwanda,RWA,1,2020,4.3906451612903235,Rwanda
Rwanda,RWA,6,2020,74.04500000000002,Rwanda
San Marino,SMR,11,2020,40.80166666666667,San Marino
San Marino,SMR,10,2020,31.78225806451615,San Marino
San Marino,SMR,9,2020,29.383333333333333,San Marino
San Marino,SMR,8,2020,33.33000000000001,San Marino
San Marino,SMR,7,2020,33.33000000000001,San Marino
San Marino,SMR,12,2020,44.44,San Marino
San Marino,SMR,5,2020,68.70064516129034,San Marino
San Marino,SMR,4,2020,88.51700000000001,San Marino
San Marino,SMR,3,2020,68.09870967741932,San Marino
San Marino,SMR,2,2020,3.640689655172414,San Marino
San Marino,SMR,1,2020,0.0,San Marino
San Marino,SMR,6,2020,44.56733333333331,San Marino
Saudi Arabia,SAU,12,2020,50.0,Saudi Arabia
Saudi Arabia,SAU,11,2020,50.0,Saudi Arabia
Saudi Arabia,SAU,10,2020,56.93193548387099,Saudi Arabia
Saudi Arabia,SAU,9,2020,58.707333333333374,Saudi Arabia
Saudi Arabia,SAU,8,2020,63.415161290322615,Saudi Arabia
Saudi Arabia,SAU,7,2020,70.58258064516124,Saudi Arabia
Saudi Arabia,SAU,6,2020,71.48366666666668,Saudi Arabia
Saudi Arabia,SAU,4,2020,91.72933333333337,Saudi Arabia
Saudi Arabia,SAU,3,2020,53.55419354838708,Saudi Arabia
Saudi Arabia,SAU,2,2020,11.110000000000008,Saudi Arabia
Saudi Arabia,SAU,1,2020,0.716774193548387,Saudi Arabia
Saudi Arabia,SAU,5,2020,90.18709677419353,Saudi Arabia
Senegal,SEN,9,2020,40.09133333333333,Senegal
Senegal,SEN,12,2020,37.96,Senegal
Senegal,SEN,11,2020,37.960000000000015,Senegal
Senegal,SEN,10,2020,40.79935483870968,Senegal
Senegal,SEN,8,2020,35.274516129032264,Senegal
Senegal,SEN,7,2020,39.579032258064515,Senegal
Senegal,SEN,5,2020,74.01354838709676,Senegal
Senegal,SEN,4,2020,77.78,Senegal
Senegal,SEN,3,2020,34.31999999999999,Senegal
Senegal,SEN,2,2020,0.0,Senegal
Senegal,SEN,1,2020,0.0,Senegal
Senegal,SEN,6,2020,62.22166666666666,Senegal
Serbia,SRB,12,2020,60.19,Serbia
Serbia,SRB,11,2020,55.278666666666695,Serbia
Serbia,SRB,9,2020,54.63000000000004,Serbia
Serbia,SRB,8,2020,57.07903225806449,Serbia
Serbia,SRB,7,2020,48.20935483870966,Serbia
Serbia,SRB,10,2020,54.00225806451613,Serbia
Serbia,SRB,5,2020,72.81903225806451,Serbia
Serbia,SRB,4,2020,98.4886666666667,Serbia
Serbia,SRB,3,2020,56.95967741935484,Serbia
Serbia,SRB,2,2020,4.695517241379311,Serbia
Serbia,SRB,1,2020,0.8967741935483873,Serbia
Serbia,SRB,6,2020,27.43566666666668,Serbia
Seychelles,SYC,12,2020,31.479999999999997,Seychelles
Seychelles,SYC,11,2020,31.48000000000001,Seychelles
Seychelles,SYC,10,2020,34.43580645161291,Seychelles
Seychelles,SYC,9,2020,35.92499999999998,Seychelles
Seychelles,SYC,8,2020,31.03451612903225,Seychelles
Seychelles,SYC,7,2020,23.149999999999988,Seychelles
Seychelles,SYC,4,2020,83.64366666666665,Seychelles
Seychelles,SYC,5,2020,65.92193548387095,Seychelles
Seychelles,SYC,3,2020,29.51129032258063,Seychelles
Seychelles,SYC,2,2020,15.519655172413803,Seychelles
Seychelles,SYC,1,2020,1.0751612903225807,Seychelles
Seychelles,SYC,6,2020,23.149999999999988,Seychelles
Sierra Leone,SLE,9,2020,29.63,Sierra Leone
Sierra Leone,SLE,10,2020,29.63000000000001,Sierra Leone
Sierra Leone,SLE,8,2020,31.154516129032245,Sierra Leone
Sierra Leone,SLE,12,2020,37.04,Sierra Leone
Sierra Leone,SLE,11,2020,36.11000000000001,Sierra Leone
Sierra Leone,SLE,7,2020,40.44387096774196,Sierra Leone
Sierra Leone,SLE,1,2020,0.0,Sierra Leone
Sierra Leone,SLE,5,2020,72.6403225806451,Sierra Leone
Sierra Leone,SLE,4,2020,76.54500000000004,Sierra Leone
Sierra Leone,SLE,3,2020,15.084516129032258,Sierra Leone
Sierra Leone,SLE,2,2020,0.0,Sierra Leone
Sierra Leone,SLE,6,2020,57.5896666666667,Sierra Leone
Singapore,SGP,12,2020,47.21999999999999,Singapore
Singapore,SGP,11,2020,51.48266666666666,Singapore
Singapore,SGP,10,2020,52.241935483870954,Singapore
Singapore,SGP,9,2020,50.648666666666664,Singapore
Singapore,SGP,8,2020,50.0,Singapore
Singapore,SGP,7,2020,50.0,Singapore
Singapore,SGP,5,2020,82.79645161290324,Singapore
Singapore,SGP,4,2020,75.37366666666668,Singapore
Singapore,SGP,3,2020,32.25774193548388,Singapore
Singapore,SGP,2,2020,23.849655172413794,Singapore
Singapore,SGP,1,2020,15.053225806451609,Singapore
Singapore,SGP,6,2020,64.68899999999998,Singapore
Slovakia,SVK,8,2020,33.75516129032256,Slovakia
Slovakia,SVK,12,2020,54.4153846153846,Slovakia
Slovakia,SVK,11,2020,69.81366666666668,Slovakia
Slovakia,SVK,10,2020,56.21225806451616,Slovakia
Slovakia,SVK,9,2020,30.44566666666668,Slovakia
Slovakia,SVK,7,2020,37.51322580645163,Slovakia
Slovakia,SVK,1,2020,0.4483870967741935,Slovakia
Slovakia,SVK,5,2020,73.15000000000005,Slovakia
Slovakia,SVK,4,2020,76.85300000000002,Slovakia
Slovakia,SVK,3,2020,51.64290322580645,Slovakia
Slovakia,SVK,2,2020,2.7800000000000007,Slovakia
Slovakia,SVK,6,2020,44.380666666666684,Slovakia
Slovenia,SVN,8,2020,50.0,Slovenia
Slovenia,SVN,12,2020,68.52,Slovenia
Slovenia,SVN,11,2020,68.52,Slovenia
Slovenia,SVN,10,2020,54.92548387096774,Slovenia
Slovenia,SVN,9,2020,50.0,Slovenia
Slovenia,SVN,7,2020,43.75451612903225,Slovenia
Slovenia,SVN,1,2020,0.0,Slovenia
Slovenia,SVN,5,2020,57.886774193548426,Slovenia
Slovenia,SVN,4,2020,88.083,Slovenia
Slovenia,SVN,3,2020,46.05612903225807,Slovenia
Slovenia,SVN,2,2020,0.0,Slovenia
Slovenia,SVN,6,2020,39.8563333333333,Slovenia
Solomon Islands,SLB,12,2020,36.11000000000001,Solomon Islands
Solomon Islands,SLB,11,2020,43.02599999999998,Solomon Islands
Solomon Islands,SLB,10,2020,40.89064516129032,Solomon Islands
Solomon Islands,SLB,9,2020,35.832,Solomon Islands
Solomon Islands,SLB,8,2020,34.31645161290324,Solomon Islands
Solomon Islands,SLB,7,2020,33.68870967741937,Solomon Islands
Solomon Islands,SLB,5,2020,43.0974193548387,Solomon Islands
Solomon Islands,SLB,4,2020,44.74933333333335,Solomon Islands
Solomon Islands,SLB,3,2020,21.293225806451616,Solomon Islands
Solomon Islands,SLB,2,2020,6.89379310344828,Solomon Islands
Solomon Islands,SLB,1,2020,0.0,Solomon Islands
Solomon Islands,SLB,6,2020,33.33000000000001,Solomon Islands
Somalia,SOM,8,2020,21.35516129032258,Somalia
Somalia,SOM,12,2020,37.96,Somalia
Somalia,SOM,11,2020,37.52833333333334,Somalia
Somalia,SOM,10,2020,41.667419354838685,Somalia
Somalia,SOM,9,2020,38.271333333333324,Somalia
Somalia,SOM,7,2020,31.48000000000001,Somalia
Somalia,SOM,6,2020,47.53133333333331,Somalia
Somalia,SOM,5,2020,59.02483870967746,Somalia
Somalia,SOM,4,2020,57.72000000000003,Somalia
Somalia,SOM,3,2020,22.849999999999994,Somalia
Somalia,SOM,2,2020,0.0,Somalia
Somalia,SOM,1,2020,0.0,Somalia
South Africa,ZAF,12,2020,49.07,South Africa
South Africa,ZAF,11,2020,41.634333333333345,South Africa
South Africa,ZAF,10,2020,39.45387096774194,South Africa
South Africa,ZAF,9,2020,62.03400000000003,South Africa
South Africa,ZAF,8,2020,77.86967741935479,South Africa
South Africa,ZAF,7,2020,79.24354838709675,South Africa
South Africa,ZAF,6,2020,77.71566666666664,South Africa
South Africa,ZAF,5,2020,84.26000000000005,South Africa
South Africa,ZAF,4,2020,87.96000000000002,South Africa
South Africa,ZAF,3,2020,39.33806451612903,South Africa
South Africa,ZAF,2,2020,2.7800000000000007,South Africa
South Africa,ZAF,1,2020,0.8070967741935485,South Africa
South Korea,KOR,11,2020,45.15100000000003,South Korea
South Korea,KOR,10,2020,52.55322580645163,South Korea
South Korea,KOR,9,2020,51.03200000000001,South Korea
South Korea,KOR,8,2020,47.774516129032264,South Korea
South Korea,KOR,7,2020,47.20806451612904,South Korea
South Korea,KOR,12,2020,61.04714285714284,South Korea
South Korea,KOR,5,2020,43.56258064516126,South Korea
South Korea,KOR,4,2020,66.63766666666668,South Korea
South Korea,KOR,3,2020,62.57870967741936,South Korea
South Korea,KOR,2,2020,36.55827586206896,South Korea
South Korea,KOR,1,2020,0.08967741935483871,South Korea
South Korea,KOR,6,2020,53.671666666666674,South Korea
South Sudan,SSD,11,2020,41.05333333333333,South Sudan
South Sudan,SSD,10,2020,35.78677419354841,South Sudan
South Sudan,SSD,9,2020,63.88900000000003,South Sudan
South Sudan,SSD,8,2020,79.78000000000004,South Sudan
South Sudan,SSD,7,2020,81.6054838709677,South Sudan
South Sudan,SSD,12,2020,55.15857142857142,South Sudan
South Sudan,SSD,5,2020,77.83838709677424,South Sudan
South Sudan,SSD,4,2020,80.98799999999999,South Sudan
South Sudan,SSD,3,2020,31.334193548387102,South Sudan
South Sudan,SSD,2,2020,1.150344827586207,South Sudan
South Sudan,SSD,1,2020,0.0,South Sudan
South Sudan,SSD,6,2020,85.19000000000004,South Sudan
Spain,ESP,12,2020,71.29999999999998,Spain
Spain,ESP,11,2020,71.29999999999998,Spain
Spain,ESP,10,2020,64.66612903225804,Spain
Spain,ESP,9,2020,61.02000000000003,Spain
Spain,ESP,8,2020,62.79838709677419,Spain
Spain,ESP,7,2020,59.48032258064514,Spain
Spain,ESP,6,2020,54.167333333333346,Spain
Spain,ESP,4,2020,85.19000000000004,Spain
Spain,ESP,3,2020,51.73225806451613,Spain
Spain,ESP,2,2020,11.110000000000008,Spain
Spain,ESP,1,2020,0.3583870967741935,Spain
Spain,ESP,5,2020,78.58387096774194,Spain
Sri Lanka,LKA,8,2020,36.74032258064517,Sri Lanka
Sri Lanka,LKA,11,2020,51.55899999999999,Sri Lanka
Sri Lanka,LKA,10,2020,33.30387096774193,Sri Lanka
Sri Lanka,LKA,9,2020,27.684000000000015,Sri Lanka
Sri Lanka,LKA,7,2020,52.26774193548389,Sri Lanka
Sri Lanka,LKA,12,2020,49.54,Sri Lanka
Sri Lanka,LKA,5,2020,79.89903225806452,Sri Lanka
Sri Lanka,LKA,1,2020,1.2541935483870967,Sri Lanka
Sri Lanka,LKA,2,2020,8.905172413793109,Sri Lanka
Sri Lanka,LKA,6,2020,60.80466666666665,Sri Lanka
Sri Lanka,LKA,4,2020,91.4196666666667,Sri Lanka
Sri Lanka,LKA,3,2020,54.56935483870968,Sri Lanka
Sudan,SDN,11,2020,29.083448275862082,Sudan
Sudan,SDN,10,2020,41.72580645161291,Sudan
Sudan,SDN,9,2020,60.24566666666668,Sudan
Sudan,SDN,8,2020,72.4167741935484,Sudan
Sudan,SDN,7,2020,74.67322580645161,Sudan
Sudan,SDN,12,2020,27.775000000000006,Sudan
Sudan,SDN,5,2020,87.48806451612901,Sudan
Sudan,SDN,4,2020,81.729,Sudan
Sudan,SDN,3,2020,39.42741935483871,Sudan
Sudan,SDN,2,2020,5.560000000000001,Sudan
Sudan,SDN,1,2020,0.7174193548387097,Sudan
Sudan,SDN,6,2020,86.97700000000005,Sudan
Suriname,SUR,12,2020,57.19615384615383,Suriname
Suriname,SUR,11,2020,57.03933333333335,Suriname
Suriname,SUR,10,2020,57.85838709677422,Suriname
Suriname,SUR,9,2020,82.68599999999996,Suriname
Suriname,SUR,8,2020,83.75580645161295,Suriname
Suriname,SUR,7,2020,83.39225806451608,Suriname
Suriname,SUR,6,2020,87.93266666666666,Suriname
Suriname,SUR,4,2020,80.55833333333334,Suriname
Suriname,SUR,3,2020,32.139677419354825,Suriname
Suriname,SUR,1,2020,0.0,Suriname
Suriname,SUR,5,2020,77.77774193548386,Suriname
Suriname,SUR,2,2020,0.0,Suriname
Sweden,SWE,12,2020,67.12857142857142,Sweden
Sweden,SWE,7,2020,59.26,Sweden
Sweden,SWE,11,2020,59.01099999999998,Sweden
Sweden,SWE,10,2020,55.55999999999997,Sweden
Sweden,SWE,9,2020,55.55999999999997,Sweden
Sweden,SWE,8,2020,57.46967741935482,Sweden
Sweden,SWE,6,2020,61.47999999999999,Sweden
Sweden,SWE,4,2020,64.25499999999997,Sweden
Sweden,SWE,3,2020,28.017741935483865,Sweden
Sweden,SWE,2,2020,0.0,Sweden
Sweden,SWE,1,2020,0.0,Sweden
Sweden,SWE,5,2020,64.80999999999996,Sweden
Switzerland,CHE,11,2020,57.91800000000002,Switzerland
Switzerland,CHE,10,2020,32.780967741935484,Switzerland
Switzerland,CHE,9,2020,43.05999999999997,Switzerland
Switzerland,CHE,8,2020,43.05999999999997,Switzerland
Switzerland,CHE,7,2020,39.20129032258065,Switzerland
Switzerland,CHE,12,2020,56.02124999999999,Switzerland
Switzerland,CHE,5,2020,61.73516129032256,Switzerland
Switzerland,CHE,4,2020,72.65533333333337,Switzerland
Switzerland,CHE,3,2020,49.37290322580647,Switzerland
Switzerland,CHE,2,2020,2.394137931034483,Switzerland
Switzerland,CHE,1,2020,0.0,Switzerland
Switzerland,CHE,6,2020,44.51033333333333,Switzerland
Syria,SYR,12,2020,54.17000000000001,Syria
Syria,SYR,11,2020,50.141000000000005,Syria
Syria,SYR,10,2020,47.10709677419358,Syria
Syria,SYR,9,2020,49.91000000000003,Syria
Syria,SYR,8,2020,63.2332258064516,Syria
Syria,SYR,7,2020,69.44000000000004,Syria
Syria,SYR,6,2020,69.44000000000004,Syria
Syria,SYR,4,2020,86.29933333333332,Syria
Syria,SYR,3,2020,44.68387096774194,Syria
Syria,SYR,2,2020,2.7800000000000007,Syria
Syria,SYR,1,2020,0.0,Syria
Syria,SYR,5,2020,83.63354838709677,Syria
Taiwan,TWN,7,2020,23.149999999999988,Taiwan
Taiwan,TWN,11,2020,23.149999999999988,Taiwan
Taiwan,TWN,9,2020,23.149999999999988,Taiwan
Taiwan,TWN,8,2020,23.149999999999988,Taiwan
Taiwan,TWN,6,2020,25.095999999999993,Taiwan
Taiwan,TWN,10,2020,23.149999999999988,Taiwan
Taiwan,TWN,4,2020,31.48000000000001,Taiwan
Taiwan,TWN,1,2020,11.914516129032258,Taiwan
Taiwan,TWN,5,2020,27.183225806451592,Taiwan
Taiwan,TWN,3,2020,29.14967741935484,Taiwan
Taiwan,TWN,2,2020,28.898965517241365,Taiwan
Tajikistan,TJK,1,2020,1.972903225806452,Tajikistan
Tajikistan,TJK,12,2020,33.32999999999999,Tajikistan
Tajikistan,TJK,11,2020,33.42266666666668,Tajikistan
Tajikistan,TJK,10,2020,36.11,Tajikistan
Tajikistan,TJK,8,2020,46.50322580645164,Tajikistan
Tajikistan,TJK,7,2020,57.22580645161292,Tajikistan
Tajikistan,TJK,9,2020,34.81266666666668,Tajikistan
Tajikistan,TJK,5,2020,43.665161290322615,Tajikistan
Tajikistan,TJK,4,2020,27.682333333333343,Tajikistan
Tajikistan,TJK,3,2020,16.217096774193546,Tajikistan
Tajikistan,TJK,2,2020,10.727241379310351,Tajikistan
Tajikistan,TJK,6,2020,59.967666666666666,Tajikistan
Tanzania,TZA,8,2020,25.717419354838714,Tanzania
Tanzania,TZA,12,2020,13.889999999999999,Tanzania
Tanzania,TZA,11,2020,13.889999999999992,Tanzania
Tanzania,TZA,10,2020,11.379032258064509,Tanzania
Tanzania,TZA,9,2020,17.22066666666666,Tanzania
Tanzania,TZA,7,2020,26.076129032258056,Tanzania
Tanzania,TZA,3,2020,21.206774193548394,Tanzania
Tanzania,TZA,5,2020,45.43096774193551,Tanzania
Tanzania,TZA,4,2020,48.98066666666667,Tanzania
Tanzania,TZA,1,2020,0.17935483870967742,Tanzania
Tanzania,TZA,6,2020,31.91599999999998,Tanzania
Tanzania,TZA,2,2020,2.7800000000000007,Tanzania
Thailand,THA,12,2020,50.0,Thailand
Thailand,THA,7,2020,52.77999999999998,Thailand
Thailand,THA,11,2020,48.05400000000001,Thailand
Thailand,THA,10,2020,47.22000000000002,Thailand
Thailand,THA,9,2020,46.38600000000003,Thailand
Thailand,THA,8,2020,51.1658064516129,Thailand
Thailand,THA,6,2020,62.99333333333334,Thailand
Thailand,THA,4,2020,76.26399999999995,Thailand
Thailand,THA,1,2020,0.0,Thailand
Thailand,THA,5,2020,75.0,Thailand
Thailand,THA,3,2020,35.90258064516129,Thailand
Thailand,THA,2,2020,0.0,Thailand
Timor-leste,TLS,10,2020,29.39129032258064,Timor-Leste
Timor-leste,TLS,9,2020,29.63,Timor-Leste
Timor-leste,TLS,8,2020,29.63,Timor-Leste
Timor-leste,TLS,7,2020,29.63,Timor-Leste
Timor-leste,TLS,6,2020,32.71333333333334,Timor-Leste
Timor-leste,TLS,12,2020,27.779999999999998,Timor-Leste
Timor-leste,TLS,4,2020,76.29766666666667,Timor-Leste
Timor-leste,TLS,5,2020,61.292580645161294,Timor-Leste
Timor-leste,TLS,1,2020,0.35870967741935483,Timor-Leste
Timor-leste,TLS,11,2020,26.793333333333326,Timor-Leste
Timor-leste,TLS,3,2020,22.76,Timor-Leste
Timor-leste,TLS,2,2020,10.343793103448283,Timor-Leste
Togo,TGO,1,2020,0.0,Togo
Togo,TGO,2,2020,0.0,Togo
Togo,TGO,3,2020,29.65774193548388,Togo
Togo,TGO,5,2020,73.15000000000005,Togo
Togo,TGO,6,2020,58.763000000000034,Togo
Togo,TGO,7,2020,52.35967741935487,Togo
Togo,TGO,8,2020,46.89387096774195,Togo
Togo,TGO,9,2020,49.194,Togo
Togo,TGO,10,2020,53.79451612903226,Togo
Togo,TGO,11,2020,52.903333333333315,Togo
Togo,TGO,12,2020,52.77999999999999,Togo
Togo,TGO,4,2020,73.02633333333337,Togo
Tonga,TON,3,2020,21.478064516129027,Tonga
Tonga,TON,4,2020,81.17499999999998,Tonga
Tonga,TON,2,2020,5.176551724137932,Tonga
Tonga,TON,1,2020,0.4483870967741935,Tonga
Trinidad and Tobago,TTO,9,2020,80.55999999999996,Trinidad and Tobago
Trinidad and Tobago,TTO,1,2020,0.35870967741935483,Trinidad and Tobago
Trinidad and Tobago,TTO,2,2020,10.91862068965518,Trinidad and Tobago
Trinidad and Tobago,TTO,3,2020,38.740645161290324,Trinidad and Tobago
Trinidad and Tobago,TTO,4,2020,81.11133333333335,Trinidad and Tobago
Trinidad and Tobago,TTO,5,2020,89.42709677419354,Trinidad and Tobago
Trinidad and Tobago,TTO,6,2020,74.84866666666667,Trinidad and Tobago
Trinidad and Tobago,TTO,7,2020,60.19000000000004,Trinidad and Tobago
Trinidad and Tobago,TTO,8,2020,70.04645161290321,Trinidad and Tobago
Trinidad and Tobago,TTO,10,2020,72.49032258064516,Trinidad and Tobago
Trinidad and Tobago,TTO,11,2020,65.74,Trinidad and Tobago
Trinidad and Tobago,TTO,12,2020,65.74,Trinidad and Tobago
Tunisia,TUN,10,2020,54.33064516129034,Tunisia
Tunisia,TUN,3,2020,47.87967741935484,Tunisia
Tunisia,TUN,12,2020,68.52,Tunisia
Tunisia,TUN,9,2020,24.876666666666658,Tunisia
Tunisia,TUN,11,2020,65.49300000000001,Tunisia
Tunisia,TUN,8,2020,24.87709677419356,Tunisia
Tunisia,TUN,1,2020,0.0,Tunisia
Tunisia,TUN,6,2020,39.444666666666656,Tunisia
Tunisia,TUN,5,2020,84.88612903225804,Tunisia
Tunisia,TUN,4,2020,90.73999999999995,Tunisia
Tunisia,TUN,2,2020,0.0,Tunisia
Tunisia,TUN,7,2020,26.850000000000016,Tunisia
Turkey,TUR,9,2020,63.71900000000002,Turkey
Turkey,TUR,10,2020,69.78967741935487,Turkey
Turkey,TUR,8,2020,47.43258064516131,Turkey
Turkey,TUR,12,2020,64.20769230769231,Turkey
Turkey,TUR,11,2020,63.85666666666668,Turkey
Turkey,TUR,7,2020,57.0190322580645,Turkey
Turkey,TUR,6,2020,63.890000000000036,Turkey
Turkey,TUR,5,2020,75.93,Turkey
Turkey,TUR,4,2020,76.17666666666668,Turkey
Turkey,TUR,3,2020,43.90645161290324,Turkey
Turkey,TUR,2,2020,16.375862068965517,Turkey
Turkey,TUR,1,2020,0.7174193548387098,Turkey
Turkmenistan,TKM,12,2020,63.88999999999999,Turkmenistan
Turkmenistan,TKM,11,2020,63.890000000000036,Turkmenistan
Turkmenistan,TKM,9,2020,47.22000000000002,Turkmenistan
Turkmenistan,TKM,8,2020,47.22000000000002,Turkmenistan
Turkmenistan,TKM,7,2020,41.03838709677419,Turkmenistan
Turkmenistan,TKM,10,2020,54.480645161290354,Turkmenistan
Turkmenistan,TKM,5,2020,31.48000000000001,Turkmenistan
Turkmenistan,TKM,4,2020,40.555,Turkmenistan
Turkmenistan,TKM,3,2020,29.06096774193547,Turkmenistan
Turkmenistan,TKM,2,2020,17.717586206896552,Turkmenistan
Turkmenistan,TKM,1,2020,4.300645161290323,Turkmenistan
Turkmenistan,TKM,6,2020,30.738666666666685,Turkmenistan
Uganda,UGA,11,2020,51.510999999999996,Uganda
Uganda,UGA,10,2020,67.6222580645161,Uganda
Uganda,UGA,9,2020,79.53566666666669,Uganda
Uganda,UGA,8,2020,80.13580645161292,Uganda
Uganda,UGA,7,2020,81.75064516129034,Uganda
Uganda,UGA,4,2020,93.52,Uganda
Uganda,UGA,5,2020,87.66322580645158,Uganda
Uganda,UGA,3,2020,35.96225806451614,Uganda
Uganda,UGA,2,2020,16.190689655172424,Uganda
Uganda,UGA,1,2020,2.1512903225806452,Uganda
Uganda,UGA,12,2020,53.70000000000001,Uganda
Uganda,UGA,6,2020,82.996,Uganda
Ukraine,UKR,8,2020,58.347419354838685,Ukraine
Ukraine,UKR,11,2020,60.184999999999995,Ukraine
Ukraine,UKR,10,2020,58.79999999999997,Ukraine
Ukraine,UKR,9,2020,63.609666666666634,Ukraine
Ukraine,UKR,6,2020,64.03033333333335,Ukraine
Ukraine,UKR,7,2020,41.67000000000001,Ukraine
Ukraine,UKR,4,2020,88.89000000000001,Ukraine
Ukraine,UKR,3,2020,54.420645161290345,Ukraine
Ukraine,UKR,2,2020,0.0,Ukraine
Ukraine,UKR,1,2020,0.0,Ukraine
Ukraine,UKR,5,2020,87.09645161290324,Ukraine
United Arab Emirates,ARE,11,2020,46.109999999999985,United Arab Emirates
United Arab Emirates,ARE,10,2020,50.57129032258064,United Arab Emirates
United Arab Emirates,ARE,9,2020,45.55533333333334,United Arab Emirates
United Arab Emirates,ARE,8,2020,43.40032258064515,United Arab Emirates
United Arab Emirates,ARE,7,2020,45.61064516129031,United Arab Emirates
United Arab Emirates,ARE,12,2020,49.07,United Arab Emirates
United Arab Emirates,ARE,5,2020,74.43225806451612,United Arab Emirates
United Arab Emirates,ARE,4,2020,87.59166666666664,United Arab Emirates
United Arab Emirates,ARE,3,2020,43.48935483870967,United Arab Emirates
United Arab Emirates,ARE,2,2020,3.928275862068966,United Arab Emirates
United Arab Emirates,ARE,1,2020,0.8070967741935485,United Arab Emirates
United Arab Emirates,ARE,6,2020,72.22000000000001,United Arab Emirates
United Kingdom,GBR,12,2020,69.90812500000001,United Kingdom
United Kingdom,GBR,11,2020,71.66633333333336,United Kingdom
United Kingdom,GBR,10,2020,67.89129032258066,United Kingdom
United Kingdom,GBR,9,2020,65.56933333333332,United Kingdom
United Kingdom,GBR,8,2020,67.63612903225807,United Kingdom
United Kingdom,GBR,7,2020,65.38129032258061,United Kingdom
United Kingdom,GBR,6,2020,70.86599999999999,United Kingdom
United Kingdom,GBR,4,2020,79.63000000000007,United Kingdom
United Kingdom,GBR,3,2020,36.63322580645162,United Kingdom
United Kingdom,GBR,2,2020,11.01413793103449,United Kingdom
United Kingdom,GBR,1,2020,2.2416129032258065,United Kingdom
United Kingdom,GBR,5,2020,74.22516129032256,United Kingdom
United States,USA,9,2020,64.19766666666666,United States
United States,USA,12,2020,72.04461538461538,United States
United States,USA,11,2020,69.62866666666667,United States
United States,USA,10,2020,64.05161290322583,United States
United States,USA,8,2020,67.13000000000005,United States
United States,USA,7,2020,68.26387096774198,United States
United States,USA,5,2020,72.69000000000004,United States
United States,USA,4,2020,72.69000000000004,United States
United States,USA,3,2020,45.77451612903228,United States
United States,USA,2,2020,5.368275862068967,United States
United States,USA,1,2020,0.0,United States
United States,USA,6,2020,70.71133333333336,United States
Uruguay,URY,12,2020,49.537142857142854,Uruguay
Uruguay,URY,11,2020,43.51999999999999,Uruguay
Uruguay,URY,9,2020,37.96499999999999,Uruguay
Uruguay,URY,8,2020,29.420967741935474,Uruguay
Uruguay,URY,7,2020,29.392580645161274,Uruguay
Uruguay,URY,10,2020,43.51999999999999,Uruguay
Uruguay,URY,5,2020,61.10999999999996,Uruguay
Uruguay,URY,4,2020,65.98566666666665,Uruguay
Uruguay,URY,3,2020,33.87096774193548,Uruguay
Uruguay,URY,2,2020,0.0,Uruguay
Uruguay,URY,1,2020,0.0,Uruguay
Uruguay,URY,6,2020,57.65533333333335,Uruguay
Uzbekistan,UZB,12,2020,39.81,Uzbekistan
Uzbekistan,UZB,11,2020,39.80999999999997,Uzbekistan
Uzbekistan,UZB,10,2020,41.96419354838707,Uzbekistan
Uzbekistan,UZB,9,2020,44.38333333333332,Uzbekistan
Uzbekistan,UZB,8,2020,61.46935483870963,Uzbekistan
Uzbekistan,UZB,7,2020,69.80419354838709,Uzbekistan
Uzbekistan,UZB,4,2020,91.29599999999999,Uzbekistan
Uzbekistan,UZB,5,2020,89.3077419354839,Uzbekistan
Uzbekistan,UZB,3,2020,46.657419354838716,Uzbekistan
Uzbekistan,UZB,2,2020,11.110000000000008,Uzbekistan
Uzbekistan,UZB,1,2020,3.9422580645161287,Uzbekistan
Uzbekistan,UZB,6,2020,72.066,Uzbekistan
Vanuatu,VUT,9,2020,22.220000000000017,Vanuatu
Vanuatu,VUT,12,2020,30.56,Vanuatu
Vanuatu,VUT,8,2020,60.93451612903228,Vanuatu
Vanuatu,VUT,11,2020,27.501999999999978,Vanuatu
Vanuatu,VUT,10,2020,22.220000000000017,Vanuatu
Vanuatu,VUT,7,2020,66.67000000000003,Vanuatu
Vanuatu,VUT,3,2020,16.128387096774194,Vanuatu
Vanuatu,VUT,5,2020,72.76258064516132,Vanuatu
Vanuatu,VUT,4,2020,77.408,Vanuatu
Vanuatu,VUT,2,2020,0.0,Vanuatu
Vanuatu,VUT,1,2020,0.0,Vanuatu
Vanuatu,VUT,6,2020,66.67000000000003,Vanuatu
Venezuela,VEN,11,2020,86.11000000000003,Venezuela
Venezuela,VEN,10,2020,86.28903225806454,Venezuela
Venezuela,VEN,9,2020,82.965,Venezuela
Venezuela,VEN,8,2020,85.03580645161283,Venezuela
Venezuela,VEN,7,2020,86.74,Venezuela
Venezuela,VEN,12,2020,86.25230769230771,Venezuela
Venezuela,VEN,5,2020,84.11387096774196,Venezuela
Venezuela,VEN,4,2020,82.41,Venezuela
Venezuela,VEN,3,2020,52.1509677419355,Venezuela
Venezuela,VEN,2,2020,0.7662068965517241,Venezuela
Venezuela,VEN,1,2020,0.0,Venezuela
Venezuela,VEN,6,2020,81.111,Venezuela
Vietnam,VNM,12,2020,51.517142857142844,Vietnam
Vietnam,VNM,11,2020,45.61999999999999,Vietnam
Vietnam,VNM,10,2020,55.55999999999997,Vietnam
Vietnam,VNM,9,2020,72.17833333333333,Vietnam
Vietnam,VNM,8,2020,77.25354838709674,Vietnam
Vietnam,VNM,7,2020,58.54580645161288,Vietnam
Vietnam,VNM,6,2020,63.33099999999998,Vietnam
Vietnam,VNM,4,2020,88.81400000000001,Vietnam
Vietnam,VNM,3,2020,53.49290322580645,Vietnam
Vietnam,VNM,2,2020,40.866896551724146,Vietnam
Vietnam,VNM,1,2020,2.7783870967741935,Vietnam
Vietnam,VNM,5,2020,71.4735483870968,Vietnam
Yemen,YEM,8,2020,31.48000000000001,Yemen
Yemen,YEM,10,2020,32.25709677419356,Yemen
Yemen,YEM,9,2020,29.322666666666645,Yemen
Yemen,YEM,11,2020,16.670000000000012,Yemen
Yemen,YEM,7,2020,41.87354838709679,Yemen
Yemen,YEM,3,2020,18.458709677419353,Yemen
Yemen,YEM,5,2020,56.95741935483871,Yemen
Yemen,YEM,4,2020,40.58633333333333,Yemen
Yemen,YEM,2,2020,0.0,Yemen
Yemen,YEM,1,2020,0.0,Yemen
Yemen,YEM,6,2020,58.32999999999998,Yemen
Zambia,ZMB,12,2020,45.37,Zambia
Zambia,ZMB,11,2020,45.369999999999976,Zambia
Zambia,ZMB,9,2020,48.98266666666669,Zambia
Zambia,ZMB,8,2020,50.20999999999997,Zambia
Zambia,ZMB,7,2020,50.93000000000001,Zambia
Zambia,ZMB,10,2020,45.81838709677417,Zambia
Zambia,ZMB,5,2020,49.50774193548386,Zambia
Zambia,ZMB,4,2020,57.686333333333316,Zambia
Zambia,ZMB,3,2020,24.01677419354839,Zambia
Zambia,ZMB,2,2020,5.17344827586207,Zambia
Zambia,ZMB,1,2020,0.0,Zambia
Zambia,ZMB,6,2020,42.033999999999985,Zambia
Zimbabwe,ZWE,10,2020,71.3,Zimbabwe
Zimbabwe,ZWE,9,2020,78.45766666666661,Zimbabwe
Zimbabwe,ZWE,8,2020,80.55999999999996,Zimbabwe
Zimbabwe,ZWE,7,2020,76.58354838709676,Zimbabwe
Zimbabwe,ZWE,6,2020,72.71533333333328,Zimbabwe
Zimbabwe,ZWE,3,2020,28.284193548387098,Zimbabwe
Zimbabwe,ZWE,4,2020,87.96000000000002,Zimbabwe
Zimbabwe,ZWE,2,2020,8.330000000000005,Zimbabwe
Zimbabwe,ZWE,1,2020,1.2541935483870967,Zimbabwe
Zimbabwe,ZWE,11,2020,69.25766666666668,Zimbabwe
Zimbabwe,ZWE,5,2020,87.96000000000002,Zimbabwe
Zimbabwe,ZWE,12,2020,69.44000000000003,Zimbabwe
